session,location,code_ocean_asset_id
707349_2024-04-09_10-02-40,s3://aind-open-data/707349_2024-04-09_10-02-40,754ffafd-0314-40e0-9a6d-2b3a0a1b71ca
707349_2024-04-10_09-52-51,s3://aind-open-data/707349_2024-04-10_09-52-51,81ed6613-b0fc-422f-b585-699423b8d890
707349_2024-04-11_11-23-32,s3://aind-open-data/707349_2024-04-11_11-23-32,0f900af2-5a55-4d1e-9918-76cddd46b729
707349_2024-04-12_10-15-55,s3://aind-open-data/707349_2024-04-12_10-15-55,d00f42e1-982d-4e2d-8706-f430b3164ba2
707349_2024-04-13_10-59-09,s3://aind-open-data/707349_2024-04-13_10-59-09,764b9b99-5828-4f18-8a2b-62d03a5731e3
707349_2024-04-15_10-13-27,s3://aind-open-data/707349_2024-04-15_10-13-27,b1c0a2a3-0f88-4068-bd26-d3d127dc642a
707349_2024-04-16_10-38-20,s3://aind-open-data/707349_2024-04-16_10-38-20,7e90a3dc-ce32-4018-b637-ff72e8c285bb
707349_2024-04-17_10-34-09,s3://aind-open-data/707349_2024-04-17_10-34-09,6f0d6ac2-56ac-4d0b-b5fa-570a97ed8634
707349_2024-04-18_10-35-08,s3://aind-open-data/707349_2024-04-18_10-35-08,2863162b-d815-45b7-ab21-ea495a9b5061
707349_2024-04-19_10-43-00,s3://aind-open-data/707349_2024-04-19_10-43-00,bec9dfd4-c496-4259-861b-c0ac77e7c9d7
707349_2024-04-22_10-58-20,s3://aind-open-data/707349_2024-04-22_10-58-20,30308236-820a-4fff-bff6-7773eadb3cab
707349_2024-04-23_10-46-13,s3://aind-open-data/707349_2024-04-23_10-46-13,0c8c7471-0f38-4c90-bfe0-e01498b2c073
707349_2024-04-24_10-30-42,s3://aind-open-data/707349_2024-04-24_10-30-42,a91f956f-7e14-404c-9b69-c2f6285bf786
707349_2024-04-25_10-24-22,s3://aind-open-data/707349_2024-04-25_10-24-22,4c35c51d-6ab5-43b4-8774-7a848ad1a01b
707349_2024-04-26_10-12-20,s3://aind-open-data/707349_2024-04-26_10-12-20,94e6eb1a-b7f0-4a43-ad47-8a2f5b870e7b
707349_2024-04-29_10-17-43,s3://aind-open-data/707349_2024-04-29_10-17-43,b9675a36-4d7d-4ded-bf2c-e01226b06f73
707349_2024-04-30_10-21-45,s3://aind-open-data/707349_2024-04-30_10-21-45,5c431fc9-dbbd-4cb6-b75d-70d3daed80c0
707349_2024-05-01_09-59-00,s3://aind-open-data/707349_2024-05-01_09-59-00,51c8f9ef-2600-4c57-9032-c8a9592f17e4
707349_2024-05-02_09-43-56,s3://aind-open-data/707349_2024-05-02_09-43-56,d071b552-135b-4a5b-8d61-46ead188ec64
707349_2024-05-03_09-41-47,s3://aind-open-data/707349_2024-05-03_09-41-47,6acd1e82-8e1e-40a9-a80b-2fcb6611193a
707349_2024-05-06_10-04-23,s3://aind-open-data/707349_2024-05-06_10-04-23,6afa6c0f-0f48-482a-a330-9613876b79c9
707349_2024-05-07_10-57-57,s3://aind-open-data/707349_2024-05-07_10-57-57,58592946-a2b9-4cbd-b918-eabc2a97d807
707349_2024-05-08_10-53-17,s3://aind-open-data/707349_2024-05-08_10-53-17,369bc460-422c-463b-91d0-9cba71a59e9b
707349_2024-05-09_09-52-17,s3://aind-open-data/707349_2024-05-09_09-52-17,51c0721c-d36e-4978-9813-bb0c2cb6b359
707349_2024-05-10_10-08-55,s3://aind-open-data/707349_2024-05-10_10-08-55,f93faabd-376f-4bed-8c37-a9c8653ff600
707349_2024-05-13_10-41-38,s3://aind-open-data/707349_2024-05-13_10-41-38,77219c38-df5d-4c2a-a872-1e727a5ad977
707349_2024-05-14_10-33-04,s3://aind-open-data/707349_2024-05-14_10-33-04,89e45e13-1893-45c4-addd-6a7df530bed7
707349_2024-05-15_10-04-15,s3://aind-open-data/707349_2024-05-15_10-04-15,f5498733-27d1-4a11-ac31-c3766bcffacf
707349_2024-05-16_09-58-51,s3://aind-open-data/707349_2024-05-16_09-58-51,6b2f27d9-55d0-4660-8c62-79926f35295b
707349_2024-05-20_11-16-07,s3://aind-open-data/707349_2024-05-20_11-16-07,88c7ae1f-614a-439e-85f7-5b95fa0db137
707349_2024-05-21_10-49-45,s3://aind-open-data/707349_2024-05-21_10-49-45,96fc62ef-ac06-40d5-b3d6-dfbb975a0eef
707349_2024-05-22_09-46-07,s3://aind-open-data/707349_2024-05-22_09-46-07,68539f8e-7fd2-472c-883b-12c4096a724b
707349_2024-05-23_09-50-05,s3://aind-open-data/707349_2024-05-23_09-50-05,489982cc-9676-46e6-97cb-ef1e4c1aefef
707349_2024-05-24_10-08-13,s3://aind-open-data/707349_2024-05-24_10-08-13,ad6247e3-b316-40bf-b1a0-a552ba37363f
707349_2024-05-28_09-48-55,s3://aind-open-data/707349_2024-05-28_09-48-55,4f9cfa8f-7281-4cae-8ca0-f64219fffbb7
707349_2024-05-29_10-30-21,s3://aind-open-data/707349_2024-05-29_10-30-21,06081f09-1fed-4f14-b96a-67a9bcf68820
707349_2024-05-31_10-27-56,s3://aind-open-data/707349_2024-05-31_10-27-56,cb5df5d3-e2b5-490f-902a-2b8eefa66368
707349_2024-06-03_10-50-05,s3://aind-open-data/707349_2024-06-03_10-50-05,d5e5b873-8b68-47f7-9829-cada4a0ceca7
707349_2024-06-04_11-22-35,s3://aind-open-data/707349_2024-06-04_11-22-35,f186b78c-a228-4a65-8e90-f5d1a398ac21
707349_2024-06-05_10-33-44,s3://aind-open-data/707349_2024-06-05_10-33-44,8db09e90-f593-44b7-9ef3-2a3c23b2631e
707349_2024-06-06_10-41-41,s3://aind-open-data/707349_2024-06-06_10-41-41,e84cd5fa-44e9-4f37-89ac-287eaff77d04
707349_2024-06-07_10-07-00,s3://aind-open-data/707349_2024-06-07_10-07-00,97e6652b-3806-4e1a-94ad-ac369ea3cc19
707349_2024-06-10_09-09-12,s3://aind-open-data/707349_2024-06-10_09-09-12,b446c474-b8c2-4db8-9ec6-04547f1a2216
707349_2024-06-11_10-03-12,s3://aind-open-data/707349_2024-06-11_10-03-12,a05d3406-94fb-414a-8dd3-7d76aed2117e
707349_2024-06-12_09-22-06,s3://aind-open-data/707349_2024-06-12_09-22-06,60deb260-1a1e-4738-adac-c51be9c99aa6
707349_2024-06-13_09-59-13,s3://aind-open-data/707349_2024-06-13_09-59-13,608ab6fb-8b72-4382-963c-e004d87fd4e6
707349_2024-06-14_10-09-06,s3://aind-open-data/707349_2024-06-14_10-09-06,afca2c45-c515-4641-bdab-c718874f5ace
707349_2024-06-17_10-38-59,s3://aind-open-data/707349_2024-06-17_10-38-59,43100a21-d37c-4747-95ce-25e1a4e62f72
707349_2024-06-18_09-59-31,s3://aind-open-data/707349_2024-06-18_09-59-31,b9554fb4-6c33-49a8-b99d-b24b2ab8b829
707349_2024-06-19_10-49-25,s3://aind-open-data/707349_2024-06-19_10-49-25,7a09dcf2-c37f-48bc-ba9c-b4ff49da9272
707349_2024-06-20_10-22-01,s3://aind-open-data/707349_2024-06-20_10-22-01,5647f70b-0cda-4605-8e05-6e97f35495a0
707349_2024-06-21_10-22-12,s3://aind-open-data/707349_2024-06-21_10-22-12,1743818a-fd77-43b3-90a6-018899c5efb4
707349_2024-06-24_10-05-33,s3://aind-open-data/707349_2024-06-24_10-05-33,74a2dfef-5620-4c8b-8b9e-e55ad4212856
707349_2024-06-25_09-54-55,s3://aind-open-data/707349_2024-06-25_09-54-55,4ac700e2-b4df-4ef4-8f25-26f163c167a8
707349_2024-06-26_10-29-55,s3://aind-open-data/707349_2024-06-26_10-29-55,5ba0326f-5f94-4ee6-b172-83146588c1cb
707349_2024-06-27_09-48-13,s3://aind-open-data/707349_2024-06-27_09-48-13,e55e0d85-735a-4c18-883b-7885e19c72e4
707349_2024-06-28_09-55-06,s3://aind-open-data/707349_2024-06-28_09-55-06,c42438e6-7b61-455b-8acb-1f7aa655475e
713545_2024-04-08_12-07-27,s3://aind-open-data/713545_2024-04-08_12-07-27,48747dc0-24a4-45f0-ab11-5222810da968
713545_2024-04-10_11-31-17,s3://aind-open-data/713545_2024-04-10_11-31-17,a7f18645-e0db-485a-ae14-2e058b3311ad
713545_2024-04-11_12-30-58,s3://aind-open-data/713545_2024-04-11_12-30-58,98fe790a-6795-4804-a096-750b15fe5821
713545_2024-04-12_11-45-06,s3://aind-open-data/713545_2024-04-12_11-45-06,7e109006-7a81-42c8-9b3c-9f1a8081f0da
713545_2024-04-13_11-17-48,s3://aind-open-data/713545_2024-04-13_11-17-48,93196694-c7b1-40c5-a90e-4e6c91c56be1
713545_2024-04-15_12-01-43,s3://aind-open-data/713545_2024-04-15_12-01-43,27d41317-0d1d-486d-b4bf-6c8df78e4016
713545_2024-04-16_12-44-50,s3://aind-open-data/713545_2024-04-16_12-44-50,91f80653-7cb2-4d31-874a-98816cc712ef
713545_2024-04-17_12-26-30,s3://aind-open-data/713545_2024-04-17_12-26-30,1c9a302a-ba8f-4608-94c7-d2669e60c475
713545_2024-04-18_12-30-00,s3://aind-open-data/713545_2024-04-18_12-30-00,b14bfe57-96cb-42fd-b04c-b4320d33fd13
713545_2024-04-19_12-12-51,s3://aind-open-data/713545_2024-04-19_12-12-51,42690f33-2a53-47d9-9285-cac274877e11
713545_2024-04-22_13-03-09,s3://aind-open-data/713545_2024-04-22_13-03-09,9c8cd56f-77ac-44db-b616-1472415b8938
713545_2024-04-23_11-30-36,s3://aind-open-data/713545_2024-04-23_11-30-36,c95f3c84-6e9d-4e4d-8939-8fa15c30d99b
713545_2024-04-24_11-58-00,s3://aind-open-data/713545_2024-04-24_11-58-00,f16a3f03-1c8e-49d2-a3ad-b6b4d7d6021b
713545_2024-04-25_12-17-34,s3://aind-open-data/713545_2024-04-25_12-17-34,270b58ef-e4d9-457d-8d5f-258ced005e6d
713545_2024-04-26_12-05-35,s3://aind-open-data/713545_2024-04-26_12-05-35,df30b35f-360e-4be9-ae2f-81e43ba7b7a3
713545_2024-04-29_11-37-25,s3://aind-open-data/713545_2024-04-29_11-37-25,57b78ef7-9815-47c9-a742-4f4f859b9422
713545_2024-04-30_12-08-13,s3://aind-open-data/713545_2024-04-30_12-08-13,18b8f54f-df4a-4431-bc70-3a9679a2c5e9
713545_2024-05-01_11-36-04,s3://aind-open-data/713545_2024-05-01_11-36-04,60bb83d8-4413-479f-9d33-0e590c16c003
713545_2024-05-02_12-02-00,s3://aind-open-data/713545_2024-05-02_12-02-00,69e9df65-56ce-46f1-8519-7b89f0ef5da5
713545_2024-05-03_11-34-04,s3://aind-open-data/713545_2024-05-03_11-34-04,2e0bdadc-8370-40ef-bc0a-01b00f004884
713545_2024-05-06_11-47-40,s3://aind-open-data/713545_2024-05-06_11-47-40,e479179d-38d0-48f9-a977-0e5d6b640afa
713545_2024-05-07_12-37-04,s3://aind-open-data/713545_2024-05-07_12-37-04,ca0406da-c324-4531-94ed-711f9e279692
713545_2024-05-08_12-23-13,s3://aind-open-data/713545_2024-05-08_12-23-13,ec917787-2e3d-4956-a5c9-7bcce36fdb01
713545_2024-05-09_11-07-02,s3://aind-open-data/713545_2024-05-09_11-07-02,0238ae73-926a-4552-b5d9-225574320275
713545_2024-05-10_12-24-23,s3://aind-open-data/713545_2024-05-10_12-24-23,8b6fb42a-8c4a-49ad-b661-9e0a01dcf777
713545_2024-05-13_13-22-16,s3://aind-open-data/713545_2024-05-13_13-22-16,d200b25d-f5dc-4adf-8f71-76e49d0879da
713545_2024-05-14_11-55-24,s3://aind-open-data/713545_2024-05-14_11-55-24,91b1e7ca-d7a5-4c11-b7b7-b3ef44ae88c4
713545_2024-05-15_11-25-11,s3://aind-open-data/713545_2024-05-15_11-25-11,a33156b5-3b06-4a00-8c73-46a946df429d
713545_2024-05-16_11-19-16,s3://aind-open-data/713545_2024-05-16_11-19-16,2f32c2fd-4433-4ae8-8927-f051377e4bea
713545_2024-05-17_10-44-51,s3://aind-open-data/713545_2024-05-17_10-44-51,75856b01-6dce-4373-b173-c118b2d41264
713545_2024-05-20_12-22-40,s3://aind-open-data/713545_2024-05-20_12-22-40,57dd935f-0990-40c0-9542-0fc453b57828
713545_2024-05-21_12-26-39,s3://aind-open-data/713545_2024-05-21_12-26-39,9f696aa8-3858-458b-bf24-a7d293bda208
713545_2024-05-22_11-25-02,s3://aind-open-data/713545_2024-05-22_11-25-02,b86d4fc6-044a-438e-92fe-adbb6bcf72aa
713545_2024-05-23_12-28-42,s3://aind-open-data/713545_2024-05-23_12-28-42,60909069-d494-47a0-8052-7c6a933a715a
713545_2024-05-24_11-33-06,s3://aind-open-data/713545_2024-05-24_11-33-06,e82e47c1-e736-49a2-8519-e65d4255b058
713545_2024-05-28_12-33-03,s3://aind-open-data/713545_2024-05-28_12-33-03,bce28908-4225-41dc-9b57-b1afc39be4e8
713545_2024-05-29_12-16-00,s3://aind-open-data/713545_2024-05-29_12-16-00,0458d37a-2016-4e3d-bcd5-8912dd7b3aca
713545_2024-05-30_12-04-36,s3://aind-open-data/713545_2024-05-30_12-04-36,a8d8aa30-6b3a-4edd-afa7-0a0ec67a0087
713545_2024-05-31_12-46-43,s3://aind-open-data/713545_2024-05-31_12-46-43,cf3d38c6-c3f9-434a-90cf-89c7b43ed9b6
713545_2024-06-03_14-30-37,s3://aind-open-data/713545_2024-06-03_14-30-37,1f8f8375-b8c2-47f4-a80f-df1b3077f5d9
713545_2024-06-04_14-24-11,s3://aind-open-data/713545_2024-06-04_14-24-11,5ee5adbf-913b-4f2f-858a-37da826ef092
713545_2024-06-05_14-34-46,s3://aind-open-data/713545_2024-06-05_14-34-46,0a93bd13-d487-4016-9009-ff33d21e6e82
713545_2024-06-06_13-30-23,s3://aind-open-data/713545_2024-06-06_13-30-23,4ffc09f9-726f-4c44-be15-eb0699f4744c
713545_2024-06-07_14-14-08,s3://aind-open-data/713545_2024-06-07_14-14-08,dce7842c-1743-4b2e-bd08-449adc7d7813
713545_2024-06-10_10-58-44,s3://aind-open-data/713545_2024-06-10_10-58-44,5a57aa50-60e6-4d5c-977b-2faec9a7c2cb
713545_2024-06-11_14-55-40,s3://aind-open-data/713545_2024-06-11_14-55-40,c4444fd9-fb2a-4057-8f56-e90ee34b6415
713545_2024-06-12_11-58-05,s3://aind-open-data/713545_2024-06-12_11-58-05,1704390b-372c-490a-887d-960c0f237530
713545_2024-06-13_12-30-36,s3://aind-open-data/713545_2024-06-13_12-30-36,ac13bac9-212e-4daa-9c07-3c64dc03e14c
713545_2024-06-14_11-49-55,s3://aind-open-data/713545_2024-06-14_11-49-55,0d0d4253-0861-4d65-bf58-27cd603ade1a
713545_2024-06-17_12-11-05,s3://aind-open-data/713545_2024-06-17_12-11-05,7613e1c5-913f-4661-8c56-443a73e97026
713545_2024-06-18_10-58-33,s3://aind-open-data/713545_2024-06-18_10-58-33,be82fd7a-9116-4a98-95f3-8278ed2d6d4c
713545_2024-06-19_12-00-23,s3://aind-open-data/713545_2024-06-19_12-00-23,e7757dbe-a2a1-43c5-a8d5-46dc254228b8
713545_2024-06-20_11-45-31,s3://aind-open-data/713545_2024-06-20_11-45-31,410a19ca-3285-47be-97af-e9ac7710170d
713545_2024-06-21_11-34-50,s3://aind-open-data/713545_2024-06-21_11-34-50,77a20e1c-2b4e-47c0-9aa5-eb28be6f369d
713545_2024-06-24_11-21-04,s3://aind-open-data/713545_2024-06-24_11-21-04,ac30c596-1ab3-4c24-beae-9fa91ae8031a
713545_2024-06-25_12-34-54,s3://aind-open-data/713545_2024-06-25_12-34-54,4c19b970-b2c8-440c-a80f-0dfbca6a3de1
713545_2024-06-26_11-38-49,s3://aind-open-data/713545_2024-06-26_11-38-49,d448e61f-c211-45ae-81e3-e22ea9077a79
713545_2024-06-27_11-49-02,s3://aind-open-data/713545_2024-06-27_11-49-02,52d1c272-c446-4cf4-8599-9ac356ba0a8e
713545_2024-06-28_11-48-16,s3://aind-open-data/713545_2024-06-28_11-48-16,7f735916-b007-4447-8c47-cb63d7b88dca
713578_2024-04-08_09-16-33,s3://aind-open-data/713578_2024-04-08_09-16-33,00d82872-572d-469c-9e83-3c7d9553ed42
713578_2024-04-09_10-02-29,s3://aind-open-data/713578_2024-04-09_10-02-29,4f826b42-aad8-4ec9-bf4d-3065e8e7ee6e
713578_2024-04-10_09-53-20,s3://aind-open-data/713578_2024-04-10_09-53-20,6c5b090a-29c5-4799-91c8-74eaa0208d99
713578_2024-04-11_10-18-07,s3://aind-open-data/713578_2024-04-11_10-18-07,3f2d1869-075d-4f52-8e0b-3f18978b8917
713578_2024-04-12_10-15-37,s3://aind-open-data/713578_2024-04-12_10-15-37,2a54758c-763d-443c-bedd-0119e62e0051
713578_2024-04-13_12-21-37,s3://aind-open-data/713578_2024-04-13_12-21-37,25baffe0-9fce-4c84-8b87-1747560e2bcb
713578_2024-04-15_10-12-58,s3://aind-open-data/713578_2024-04-15_10-12-58,131c8aa0-4de4-45e8-af30-e6948185b120
713578_2024-04-16_11-18-28,s3://aind-open-data/713578_2024-04-16_11-18-28,5ea1577a-093d-4053-8504-a213e25737a7
713578_2024-04-17_10-33-43,s3://aind-open-data/713578_2024-04-17_10-33-43,301e5a5c-bba4-4cc3-8653-62f15d3a70b0
713578_2024-04-18_10-34-55,s3://aind-open-data/713578_2024-04-18_10-34-55,05ea89ea-1bd3-44eb-b8fb-38a54d790e19
713578_2024-04-19_10-42-42,s3://aind-open-data/713578_2024-04-19_10-42-42,eba75fbe-4bf9-4b14-a452-fd9ffa4503f5
713578_2024-04-22_10-41-53,s3://aind-open-data/713578_2024-04-22_10-41-53,e7a997a1-bfb9-4f1e-ac41-6d8ead76f5c2
713578_2024-04-23_10-06-28,s3://aind-open-data/713578_2024-04-23_10-06-28,fe9a2bc9-7cff-42d1-aaa9-ff0f5fc07295
713578_2024-04-24_10-30-16,s3://aind-open-data/713578_2024-04-24_10-30-16,158d3202-46b9-49cd-a218-3afd9b921adf
713578_2024-04-25_10-24-00,s3://aind-open-data/713578_2024-04-25_10-24-00,f493335d-545d-474d-b01f-b79dc8c6fe9a
713578_2024-04-26_10-12-07,s3://aind-open-data/713578_2024-04-26_10-12-07,e5aca540-42cd-4fee-8e17-b080bf0a0066
713578_2024-04-29_10-17-26,s3://aind-open-data/713578_2024-04-29_10-17-26,82be0bda-2e3b-44ed-ad82-ef307f424f0d
713578_2024-04-30_10-21-29,s3://aind-open-data/713578_2024-04-30_10-21-29,c3085f31-38d9-4f72-ba7d-1e0c88abf7b0
713578_2024-05-01_09-58-42,s3://aind-open-data/713578_2024-05-01_09-58-42,25d3d0d7-ee5b-4502-b9cc-280b1fcd2a5f
713578_2024-05-02_09-43-42,s3://aind-open-data/713578_2024-05-02_09-43-42,f3efc103-939c-4c05-b930-b8293b2fa16f
713578_2024-05-03_09-41-37,s3://aind-open-data/713578_2024-05-03_09-41-37,ed94ca8b-1aae-4949-8507-334d531552b9
713578_2024-05-06_10-04-09,s3://aind-open-data/713578_2024-05-06_10-04-09,7a4a0da0-dfac-4fc0-8967-5b7a56899935
713578_2024-05-07_11-16-27,s3://aind-open-data/713578_2024-05-07_11-16-27,66751432-571e-49b3-ae6d-b7695003c49d
713578_2024-05-08_10-50-09,s3://aind-open-data/713578_2024-05-08_10-50-09,b7155fe7-1ce4-410d-9575-d9c4a6057199
713578_2024-05-09_09-50-02,s3://aind-open-data/713578_2024-05-09_09-50-02,20efffb3-d6b7-4ac7-b29a-06b51a77aecd
713578_2024-05-10_10-08-46,s3://aind-open-data/713578_2024-05-10_10-08-46,a657ba4c-0c64-4cbb-a2a0-5edb76e43617
713578_2024-05-13_10-41-26,s3://aind-open-data/713578_2024-05-13_10-41-26,8c193e98-4f0e-4a0d-b403-265897a665f4
713578_2024-05-14_10-32-55,s3://aind-open-data/713578_2024-05-14_10-32-55,aa936e78-1ec5-4c02-ab54-3a67b04e45fa
713578_2024-05-15_10-04-04,s3://aind-open-data/713578_2024-05-15_10-04-04,2f541d2c-aecb-4514-b3b5-b7f1a4967d56
713578_2024-05-16_09-58-38,s3://aind-open-data/713578_2024-05-16_09-58-38,1ac725c1-26dc-4afa-91bc-9c75aed4318e
713578_2024-05-20_11-15-57,s3://aind-open-data/713578_2024-05-20_11-15-57,befd6bec-bcf9-4b0e-9446-40c016e02b57
713578_2024-05-21_10-49-29,s3://aind-open-data/713578_2024-05-21_10-49-29,b42d9348-ccb0-4d05-945e-55a1877d6a39
713578_2024-05-22_09-45-32,s3://aind-open-data/713578_2024-05-22_09-45-32,9e4ead44-2464-4f30-86df-926b0bb2331d
713578_2024-05-23_09-48-09,s3://aind-open-data/713578_2024-05-23_09-48-09,4b1986bb-fa9c-47cd-9af8-280558dbb746
713578_2024-05-24_10-08-03,s3://aind-open-data/713578_2024-05-24_10-08-03,db2308fa-a099-4a46-a270-319a7e9ea718
713578_2024-05-28_09-48-39,s3://aind-open-data/713578_2024-05-28_09-48-39,412d8a84-28d3-48f4-91fd-16c59279d924
713578_2024-05-29_10-30-09,s3://aind-open-data/713578_2024-05-29_10-30-09,faa02876-83d8-4d6a-b0e2-1e64c3aca7f2
713578_2024-05-30_10-31-04,s3://aind-open-data/713578_2024-05-30_10-31-04,3e8a1238-dfac-4783-8781-13fb20acd08b
713578_2024-05-31_10-27-47,s3://aind-open-data/713578_2024-05-31_10-27-47,0e52387d-0156-4196-b29f-d6121724f8a9
713578_2024-06-03_10-49-51,s3://aind-open-data/713578_2024-06-03_10-49-51,c733ef29-392e-4a9b-8ee6-615763454906
713578_2024-06-04_11-21-55,s3://aind-open-data/713578_2024-06-04_11-21-55,350cecb6-dd87-465a-8454-653e75edabc1
713578_2024-06-05_10-33-33,s3://aind-open-data/713578_2024-06-05_10-33-33,4a6eb34e-d26e-4008-b3f2-c82bb5206631
713578_2024-06-06_10-41-58,s3://aind-open-data/713578_2024-06-06_10-41-58,538473d3-633a-4d8b-b7cc-691ec93939e2
713578_2024-06-07_10-06-50,s3://aind-open-data/713578_2024-06-07_10-06-50,afd4425d-343c-44a6-9fd5-be7cdd21e207
713578_2024-06-10_09-40-31,s3://aind-open-data/713578_2024-06-10_09-40-31,9dc7063f-6839-453b-8f4d-6c0dfaca4a11
713578_2024-06-11_10-02-59,s3://aind-open-data/713578_2024-06-11_10-02-59,4476a2a8-e9db-46a3-80cb-f7267b075c6f
713578_2024-06-12_09-21-55,s3://aind-open-data/713578_2024-06-12_09-21-55,9a5718c8-7ab5-401c-899b-d87a7e5e7c1a
713578_2024-06-13_09-59-02,s3://aind-open-data/713578_2024-06-13_09-59-02,e943411a-15d5-411e-8994-414741259444
713578_2024-06-14_10-08-52,s3://aind-open-data/713578_2024-06-14_10-08-52,4cd3c5a9-46a6-49d0-888f-c06905936882
713578_2024-06-17_10-38-46,s3://aind-open-data/713578_2024-06-17_10-38-46,cbe1c784-bb54-47af-b2bb-6f4b9507c0d9
713578_2024-06-18_09-59-14,s3://aind-open-data/713578_2024-06-18_09-59-14,e2bd92fe-7809-4df3-866f-37d08f459b77
713578_2024-06-19_11-00-01,s3://aind-open-data/713578_2024-06-19_11-00-01,0c870b2c-d539-4d75-b2bc-5cbeaf806a8a
713578_2024-06-20_10-21-53,s3://aind-open-data/713578_2024-06-20_10-21-53,42496931-31d9-411e-8f06-4e155a9318d2
713578_2024-06-21_10-22-00,s3://aind-open-data/713578_2024-06-21_10-22-00,ed1c3dcc-2b62-4809-9937-c4168f26bc2b
713578_2024-06-24_10-05-16,s3://aind-open-data/713578_2024-06-24_10-05-16,8a0c0b6c-0238-426e-9f19-4acbd214fd5d
713578_2024-06-25_09-54-43,s3://aind-open-data/713578_2024-06-25_09-54-43,69c66fac-b16c-4e9e-a441-844575a15e26
713578_2024-06-26_10-29-42,s3://aind-open-data/713578_2024-06-26_10-29-42,2e921b8a-1fcf-4638-8a6d-c8f034871101
713578_2024-06-27_09-48-05,s3://aind-open-data/713578_2024-06-27_09-48-05,1488d9b9-d5c0-4fe7-90f6-baea68ee55b1
713578_2024-06-28_09-54-54,s3://aind-open-data/713578_2024-06-28_09-54-54,3700df23-deb4-40c4-90c7-080463245175
715865_2024-04-08_10-04-51,s3://aind-open-data/715865_2024-04-08_10-04-51,140c2922-8e99-4fcd-acbb-8c345118a1ad
715865_2024-04-09_07-33-41,s3://aind-open-data/715865_2024-04-09_07-33-41,2f72a01e-06cb-4f3c-92ff-81786be11a92
715865_2024-04-10_08-01-07,s3://aind-open-data/715865_2024-04-10_08-01-07,c1fcbe27-9219-4763-846b-ec18ceac8b1f
715865_2024-04-11_08-05-47,s3://aind-open-data/715865_2024-04-11_08-05-47,72fde40a-4378-4566-b549-312ea69fcea3
715865_2024-04-12_08-11-42,s3://aind-open-data/715865_2024-04-12_08-11-42,2b4e4639-37c3-4fb0-b8dc-0145610dd9a4
715865_2024-04-15_08-07-03,s3://aind-open-data/715865_2024-04-15_08-07-03,0b22c0be-17e2-4a10-9a30-d447ea91933e
715865_2024-04-16_08-18-51,s3://aind-open-data/715865_2024-04-16_08-18-51,22cfd75d-1aa6-469c-9b26-98ba04de1a87
715865_2024-04-17_08-43-36,s3://aind-open-data/715865_2024-04-17_08-43-36,a316eb0a-693f-46bf-9412-03c0369b1cfb
715865_2024-04-18_08-53-35,s3://aind-open-data/715865_2024-04-18_08-53-35,bdd70539-3d0a-4251-bdb7-ce45000d7791
715865_2024-04-19_09-07-51,s3://aind-open-data/715865_2024-04-19_09-07-51,20f35932-4ea8-43e4-899e-895e9ee4c519
715865_2024-04-22_09-09-13,s3://aind-open-data/715865_2024-04-22_09-09-13,7d6b0533-8de7-4015-92f8-66daa49ec283
715865_2024-04-23_08-19-59,s3://aind-open-data/715865_2024-04-23_08-19-59,a4c0ed30-87eb-43e7-9436-af60366b6ba8
715865_2024-04-24_08-48-53,s3://aind-open-data/715865_2024-04-24_08-48-53,148375ef-5eca-4575-8744-12e018966073
715865_2024-04-25_08-26-09,s3://aind-open-data/715865_2024-04-25_08-26-09,4020781a-6621-4f93-a030-d6cb1e912a39
715865_2024-04-26_08-40-10,s3://aind-open-data/715865_2024-04-26_08-40-10,bc2a6454-0536-4b20-aa54-399901eceadb
715865_2024-04-29_08-15-22,s3://aind-open-data/715865_2024-04-29_08-15-22,46243f3f-77d6-4170-be48-e8535bd89f33
715865_2024-04-30_08-20-45,s3://aind-open-data/715865_2024-04-30_08-20-45,84c841cf-ee98-434f-b28b-9e72a4ef0bc0
715865_2024-05-01_08-16-51,s3://aind-open-data/715865_2024-05-01_08-16-51,cc579e24-7713-45d8-a09c-8833848a67b0
715865_2024-05-02_08-08-27,s3://aind-open-data/715865_2024-05-02_08-08-27,21fab377-19b2-43b3-aa07-5a868745f08e
715865_2024-05-03_08-05-27,s3://aind-open-data/715865_2024-05-03_08-05-27,681cb27c-ab7f-4be0-9690-1aed377bc9bf
715865_2024-05-06_08-22-40,s3://aind-open-data/715865_2024-05-06_08-22-40,a387c3ff-c49e-435f-82f6-76663ed79c2c
715865_2024-05-07_08-06-48,s3://aind-open-data/715865_2024-05-07_08-06-48,ca3f8b90-aa86-46b0-a51b-76cf96155cb8
715865_2024-05-08_09-00-54,s3://aind-open-data/715865_2024-05-08_09-00-54,f2d3bdc3-18a7-4b98-a6a7-94c47df41e63
715865_2024-05-09_07-37-00,s3://aind-open-data/715865_2024-05-09_07-37-00,215c7542-b49c-4424-a3ac-827f8c7f4303
715865_2024-05-10_07-52-45,s3://aind-open-data/715865_2024-05-10_07-52-45,1860e26e-db26-48e9-b10c-8488bec07afb
715865_2024-05-13_09-02-17,s3://aind-open-data/715865_2024-05-13_09-02-17,0134bf40-4f3b-4a89-a523-9cf5b3c6254b
715865_2024-05-14_08-48-41,s3://aind-open-data/715865_2024-05-14_08-48-41,4bcc1711-5387-42cc-b2b6-c966755bb199
715865_2024-05-15_08-31-14,s3://aind-open-data/715865_2024-05-15_08-31-14,18f2b39b-ebfb-4d77-ab9f-4dc20be9a0b9
715865_2024-05-16_08-00-22,s3://aind-open-data/715865_2024-05-16_08-00-22,aaaab090-98d4-4824-b589-c073f70ef6a4
715865_2024-05-17_08-16-56,s3://aind-open-data/715865_2024-05-17_08-16-56,68c28955-5c8e-491c-9e94-af648d5b9908
715865_2024-05-20_09-46-20,s3://aind-open-data/715865_2024-05-20_09-46-20,ec3a8099-d258-40b5-9865-1412aaaf6182
715865_2024-05-21_08-55-55,s3://aind-open-data/715865_2024-05-21_08-55-55,b2cd7e27-2056-4fb3-b5ea-3231831e8778
715865_2024-05-22_08-16-38,s3://aind-open-data/715865_2024-05-22_08-16-38,329f1aba-b07e-409a-8874-86515847f801
715865_2024-05-23_08-02-08,s3://aind-open-data/715865_2024-05-23_08-02-08,1ea1608c-1e6d-49b7-9d71-e0f4ec3e1200
715865_2024-05-24_08-14-46,s3://aind-open-data/715865_2024-05-24_08-14-46,29ae77f4-5c3a-4f23-af66-3eac2d9d3674
715865_2024-05-28_08-16-56,s3://aind-open-data/715865_2024-05-28_08-16-56,65519891-6e5d-4c38-a2de-f97b2b3ff183
715865_2024-05-29_08-47-04,s3://aind-open-data/715865_2024-05-29_08-47-04,a01ba0ed-9ec1-4b48-a1ea-a00aa3ebfd5d
715865_2024-05-30_08-58-41,s3://aind-open-data/715865_2024-05-30_08-58-41,0d66db21-6cde-43b9-bed9-c3ea40a6420f
715865_2024-05-31_08-44-35,s3://aind-open-data/715865_2024-05-31_08-44-35,2499a6b9-db2e-4fba-94ce-3e13b7689840
715865_2024-06-03_07-47-58,s3://aind-open-data/715865_2024-06-03_07-47-58,59c9b909-ca3e-41c5-a18b-db6968bb2d58
715865_2024-06-04_06-59-15,s3://aind-open-data/715865_2024-06-04_06-59-15,88a7189c-c4f6-44c4-9470-8ba211c95d94
715865_2024-06-05_07-37-06,s3://aind-open-data/715865_2024-06-05_07-37-06,cac512e7-4840-44f6-b87f-bd50b846c91f
715865_2024-06-06_08-44-22,s3://aind-open-data/715865_2024-06-06_08-44-22,f0d69e38-8e42-453a-84c8-1d02aa6439a6
715865_2024-06-07_08-25-13,s3://aind-open-data/715865_2024-06-07_08-25-13,89405182-a939-474c-95b6-d7acc85fc28c
715865_2024-06-10_08-47-22,s3://aind-open-data/715865_2024-06-10_08-47-22,fa53b93c-8412-4131-8569-b2643788664e
715865_2024-06-11_06-45-43,s3://aind-open-data/715865_2024-06-11_06-45-43,0a689eb8-17f2-418c-a6aa-4b207ff1a611
715865_2024-06-12_07-36-21,s3://aind-open-data/715865_2024-06-12_07-36-21,56f9b1b6-9889-4245-9e94-7707937007e7
715865_2024-06-13_08-22-57,s3://aind-open-data/715865_2024-06-13_08-22-57,76da44a4-fae7-4172-8b9f-8705ddfabaac
715865_2024-06-14_08-23-08,s3://aind-open-data/715865_2024-06-14_08-23-08,d4c52cc0-ebbc-4bdd-8349-9aa8b02b3179
715865_2024-06-17_08-16-05,s3://aind-open-data/715865_2024-06-17_08-16-05,2af5df48-ff49-4297-88dd-30b0eeafcfa0
715865_2024-06-18_07-54-24,s3://aind-open-data/715865_2024-06-18_07-54-24,2023c35c-de62-4d60-8aea-4f44e16d78cc
715865_2024-06-19_09-58-57,s3://aind-open-data/715865_2024-06-19_09-58-57,a2ea9038-6476-4dbf-8e00-d1b4e90a6cbb
715865_2024-06-20_07-49-56,s3://aind-open-data/715865_2024-06-20_07-49-56,8ce67519-9d8a-43cc-a0ad-17e781375926
715865_2024-06-21_07-37-14,s3://aind-open-data/715865_2024-06-21_07-37-14,913ad5f9-732b-43ff-bd98-dc5d94d6a610
715865_2024-06-24_06-47-48,s3://aind-open-data/715865_2024-06-24_06-47-48,e972b76b-61f9-496e-91ab-821fd65e660c
715865_2024-06-25_07-54-32,s3://aind-open-data/715865_2024-06-25_07-54-32,37c1b354-a02a-4154-9dd2-98d860e4840c
715865_2024-06-26_08-20-39,s3://aind-open-data/715865_2024-06-26_08-20-39,57510e46-592d-4173-b18c-66d8020f170c
715865_2024-06-27_07-58-32,s3://aind-open-data/715865_2024-06-27_07-58-32,a9630be3-5738-40b6-a234-6ad821803da3
715865_2024-06-28_08-12-37,s3://aind-open-data/715865_2024-06-28_08-12-37,f8219b50-fede-4694-a38f-394e7106ea35
715866_2024-04-09_10-09-30,s3://aind-open-data/715866_2024-04-09_10-09-30,cd5ec21d-d071-470c-95cb-cbdc2b7358e9
715866_2024-04-10_09-54-51,s3://aind-open-data/715866_2024-04-10_09-54-51,b2bed11f-bac4-427b-a7ef-1eb91addbe1e
715866_2024-04-11_10-19-11,s3://aind-open-data/715866_2024-04-11_10-19-11,19499943-63ad-4a69-a7d9-23981fddc354
715866_2024-04-12_10-14-14,s3://aind-open-data/715866_2024-04-12_10-14-14,d05ef263-f6a7-4b6f-97b5-8f0b2875d057
715866_2024-04-13_10-58-54,s3://aind-open-data/715866_2024-04-13_10-58-54,177f364d-7a19-4550-92be-982b024da9be
715866_2024-04-15_10-12-05,s3://aind-open-data/715866_2024-04-15_10-12-05,07ace3c1-2c16-427e-af24-08d3cfa2c339
715866_2024-04-16_10-52-32,s3://aind-open-data/715866_2024-04-16_10-52-32,5772670d-d297-4b9f-9fc1-fd0d2cedfa23
715866_2024-04-17_11-08-35,s3://aind-open-data/715866_2024-04-17_11-08-35,71c5406e-b63f-4b03-89b3-2d282a0a284c
715866_2024-04-18_10-34-11,s3://aind-open-data/715866_2024-04-18_10-34-11,b7e9ecc5-ed7e-4f45-bdf9-612c58943a13
715866_2024-04-19_10-42-00,s3://aind-open-data/715866_2024-04-19_10-42-00,6b7fa5df-2acf-4743-a337-ff31bbfc1d2b
715866_2024-04-22_11-00-10,s3://aind-open-data/715866_2024-04-22_11-00-10,f58796f7-3956-47bb-8c5b-aa22efb83b0f
715866_2024-04-23_10-05-31,s3://aind-open-data/715866_2024-04-23_10-05-31,1607cfbb-1b2b-471c-9539-ae23ddbcfa42
715866_2024-04-24_10-29-17,s3://aind-open-data/715866_2024-04-24_10-29-17,193f10bc-0628-4795-babd-be949e2ceb6f
715866_2024-04-25_10-22-44,s3://aind-open-data/715866_2024-04-25_10-22-44,4399624f-5c06-43ea-b41a-8b159bfce523
715866_2024-04-26_10-11-23,s3://aind-open-data/715866_2024-04-26_10-11-23,7a03a4ca-0a55-47cb-8c59-2b7007fca5bf
715866_2024-04-29_10-16-42,s3://aind-open-data/715866_2024-04-29_10-16-42,dc8ab782-caba-43e1-b9b4-ede140e9e0b7
715866_2024-04-30_10-20-45,s3://aind-open-data/715866_2024-04-30_10-20-45,63d9309c-e97a-4de2-a22c-ea81778062f1
715866_2024-05-01_09-57-48,s3://aind-open-data/715866_2024-05-01_09-57-48,8793516d-7231-442b-afb0-b8395e0d97f0
715866_2024-05-02_09-43-03,s3://aind-open-data/715866_2024-05-02_09-43-03,6508f705-8ca1-4760-8b0e-c177761a6a66
715866_2024-05-03_09-40-35,s3://aind-open-data/715866_2024-05-03_09-40-35,b08280c5-6bf1-4444-b4dc-9a8083868ac7
715866_2024-05-06_10-03-47,s3://aind-open-data/715866_2024-05-06_10-03-47,0a68c026-d38f-40ee-888b-c836ec0b5ade
715866_2024-05-07_10-56-37,s3://aind-open-data/715866_2024-05-07_10-56-37,8f0957bd-0ada-4613-9093-4b9e64924382
715866_2024-05-08_10-49-26,s3://aind-open-data/715866_2024-05-08_10-49-26,43ce748e-802c-4347-a8a2-ebaca4d31512
715866_2024-05-09_09-49-26,s3://aind-open-data/715866_2024-05-09_09-49-26,24986b87-d0db-469a-b7d6-cdad1578af08
715866_2024-05-10_10-08-08,s3://aind-open-data/715866_2024-05-10_10-08-08,d330ca28-d227-41c3-829f-3426afaeed49
715866_2024-05-13_10-40-50,s3://aind-open-data/715866_2024-05-13_10-40-50,9ede154c-0ac9-4eba-93a0-6495499585ad
715866_2024-05-14_10-32-13,s3://aind-open-data/715866_2024-05-14_10-32-13,adbe3736-3be1-4740-901d-4e636aae34bf
715866_2024-05-15_10-03-27,s3://aind-open-data/715866_2024-05-15_10-03-27,2b90fd7c-56d1-4d41-a729-3d0dc82b51eb
715866_2024-05-16_09-58-03,s3://aind-open-data/715866_2024-05-16_09-58-03,8e8b2a24-9a8a-4fb0-a811-b85a0145a282
715866_2024-05-20_11-15-36,s3://aind-open-data/715866_2024-05-20_11-15-36,81b86208-2c25-4874-945a-30e96207c05e
715866_2024-05-21_10-48-57,s3://aind-open-data/715866_2024-05-21_10-48-57,57ad69f2-2638-4c6f-a791-0412110f2265
715866_2024-05-22_09-44-44,s3://aind-open-data/715866_2024-05-22_09-44-44,28ee8ca8-cf22-44c2-95c4-18556e652004
715866_2024-05-23_09-47-39,s3://aind-open-data/715866_2024-05-23_09-47-39,9fa28fdc-e973-47be-a3da-cb87049cf3bf
715866_2024-05-24_10-07-21,s3://aind-open-data/715866_2024-05-24_10-07-21,1f3895da-41a6-46ca-8a31-3a29ff840509
715866_2024-05-28_09-53-53,s3://aind-open-data/715866_2024-05-28_09-53-53,77441fcc-333d-43b9-bfc4-dad906bced1e
715866_2024-05-29_10-29-21,s3://aind-open-data/715866_2024-05-29_10-29-21,bcd828a0-587c-44f9-941c-abe80ac1394b
715866_2024-05-30_10-30-33,s3://aind-open-data/715866_2024-05-30_10-30-33,55c5683a-48f4-40a2-a38b-2fa20ff3ae4e
715866_2024-05-31_10-27-05,s3://aind-open-data/715866_2024-05-31_10-27-05,939d7844-d27a-4015-8c8b-624705ced50d
715866_2024-06-03_10-49-18,s3://aind-open-data/715866_2024-06-03_10-49-18,db4e257b-bca7-4d1e-93cc-ec6a097a0c6e
715866_2024-06-04_11-18-59,s3://aind-open-data/715866_2024-06-04_11-18-59,7c56aa21-8d22-434d-a402-c68af3814466
715866_2024-06-05_10-33-02,s3://aind-open-data/715866_2024-06-05_10-33-02,2abb74aa-6445-4bd8-8fb0-69be18f9cf55
715866_2024-06-06_10-41-14,s3://aind-open-data/715866_2024-06-06_10-41-14,96368fcf-7972-4ba4-be3d-1c60bc1f557d
715866_2024-06-07_10-07-28,s3://aind-open-data/715866_2024-06-07_10-07-28,10a4ac82-d7ea-4f68-b25e-629c076e3ad3
715866_2024-06-10_09-17-43,s3://aind-open-data/715866_2024-06-10_09-17-43,fe7f91ed-abd3-4e41-9843-84584cb3fbaf
715866_2024-06-11_10-02-29,s3://aind-open-data/715866_2024-06-11_10-02-29,c34c05f7-9b32-4a4a-9927-600a7977521e
715866_2024-06-12_09-21-27,s3://aind-open-data/715866_2024-06-12_09-21-27,15ceac43-397b-4e99-ab0f-79c068293269
715866_2024-06-13_09-58-46,s3://aind-open-data/715866_2024-06-13_09-58-46,c222ff50-7b9a-458b-97c3-b64ddea8d883
715866_2024-06-14_10-08-24,s3://aind-open-data/715866_2024-06-14_10-08-24,643c3ef5-f3f0-4a39-81b1-4081a214353a
715866_2024-06-17_11-03-17,s3://aind-open-data/715866_2024-06-17_11-03-17,9b99a896-b125-4de1-b05d-0c6e44cdbe20
715866_2024-06-18_09-58-49,s3://aind-open-data/715866_2024-06-18_09-58-49,3d5d61ba-3a46-4e80-b2d4-750443b67531
715866_2024-06-19_11-05-59,s3://aind-open-data/715866_2024-06-19_11-05-59,7655d5f8-1fe1-4c46-ade8-0dedc431025f
715866_2024-06-20_10-21-40,s3://aind-open-data/715866_2024-06-20_10-21-40,bcdf03b5-4f61-4591-a007-b1a9feeffafc
715866_2024-06-21_10-21-30,s3://aind-open-data/715866_2024-06-21_10-21-30,1ac01136-43ff-4722-a104-62c183b45011
715866_2024-06-24_10-04-51,s3://aind-open-data/715866_2024-06-24_10-04-51,7ccdb872-2165-4308-ac7a-2062218b0db5
715866_2024-06-25_09-54-11,s3://aind-open-data/715866_2024-06-25_09-54-11,5e815aa2-98b0-4b8b-82e8-7245a76b49e7
715866_2024-06-26_10-29-15,s3://aind-open-data/715866_2024-06-26_10-29-15,1916192c-12f1-419e-b460-e656e206969a
715866_2024-06-27_09-47-35,s3://aind-open-data/715866_2024-06-27_09-47-35,a4cfda28-d89e-4950-8923-d9ebf6a43d70
715866_2024-06-28_09-54-31,s3://aind-open-data/715866_2024-06-28_09-54-31,3b001688-beed-4b56-885f-19a96650961f
715867_2024-04-08_12-07-49,s3://aind-open-data/715867_2024-04-08_12-07-49,3a2e9bb8-1fc7-4e93-9c1d-f7e0ed0a3843
715867_2024-04-09_12-26-48,s3://aind-open-data/715867_2024-04-09_12-26-48,f35fe8d0-9c43-46b3-9465-b75fb0cc3ad9
715867_2024-04-10_11-31-34,s3://aind-open-data/715867_2024-04-10_11-31-34,53d084ad-de51-4f61-85cf-da67075ec5cd
715867_2024-04-11_12-31-15,s3://aind-open-data/715867_2024-04-11_12-31-15,a9729f3d-db61-4148-af83-ca7785e9a953
715867_2024-04-12_11-45-29,s3://aind-open-data/715867_2024-04-12_11-45-29,9cadac7a-4d65-4a63-8d2c-7a79c17fffe9
715867_2024-04-15_12-02-12,s3://aind-open-data/715867_2024-04-15_12-02-12,65dd5d47-12d9-4043-a135-054c1191b13b
715867_2024-04-16_12-46-18,s3://aind-open-data/715867_2024-04-16_12-46-18,75604e6f-6863-406e-8c5a-634688e3b2ad
715867_2024-04-17_12-10-23,s3://aind-open-data/715867_2024-04-17_12-10-23,ed88a532-082c-48fc-b431-dd03a1eb2ae8
715867_2024-04-18_12-30-08,s3://aind-open-data/715867_2024-04-18_12-30-08,f43472d6-e9f4-47c4-b68a-941b700d42cb
715867_2024-04-19_12-12-42,s3://aind-open-data/715867_2024-04-19_12-12-42,8913e150-1a3b-492a-bf22-0791d768b45c
715867_2024-04-22_13-03-25,s3://aind-open-data/715867_2024-04-22_13-03-25,4f439f98-888c-4273-a2d3-00f68e96ac4e
715867_2024-04-23_11-31-20,s3://aind-open-data/715867_2024-04-23_11-31-20,5208076a-c50f-453c-bdb3-62cf9d9169c2
715867_2024-04-24_12-02-32,s3://aind-open-data/715867_2024-04-24_12-02-32,b34d7313-8d35-4cb8-87fb-3f01d701fc24
715867_2024-04-25_12-16-23,s3://aind-open-data/715867_2024-04-25_12-16-23,b96c6ca3-e90a-41f2-a74d-331c7ac79a97
715867_2024-04-26_12-05-00,s3://aind-open-data/715867_2024-04-26_12-05-00,546e26b4-f609-4447-839e-f3effe6bf2f6
715867_2024-04-29_11-37-04,s3://aind-open-data/715867_2024-04-29_11-37-04,054149dc-b1fa-4107-b2c6-e02e3c7cddb4
715867_2024-04-30_12-07-51,s3://aind-open-data/715867_2024-04-30_12-07-51,d9bd2c74-d32b-4421-ab44-ca3aea48139a
715867_2024-05-01_11-35-42,s3://aind-open-data/715867_2024-05-01_11-35-42,cf6057ec-617d-4963-97af-1cc1ab3539b4
715867_2024-05-02_12-01-41,s3://aind-open-data/715867_2024-05-02_12-01-41,22507990-8bdf-46df-8451-d0d7e75d826d
715867_2024-05-03_11-33-04,s3://aind-open-data/715867_2024-05-03_11-33-04,82073e6b-59a0-443f-b2e5-44db96275ea6
715867_2024-05-06_11-47-26,s3://aind-open-data/715867_2024-05-06_11-47-26,e42d4fd3-d105-4f76-91fb-2cf494310d31
715867_2024-05-07_12-35-46,s3://aind-open-data/715867_2024-05-07_12-35-46,29af7483-2cd8-44c1-97d3-e3b68c129a6c
715867_2024-05-08_12-09-27,s3://aind-open-data/715867_2024-05-08_12-09-27,2258f0db-638a-4dd4-a67c-593041ab4a60
715867_2024-05-09_11-03-18,s3://aind-open-data/715867_2024-05-09_11-03-18,e2fed036-8e11-4f1d-802e-37e8849da81e
715867_2024-05-10_12-24-07,s3://aind-open-data/715867_2024-05-10_12-24-07,2578d989-f7d0-4914-bf45-146ee3cfc83c
715867_2024-05-13_13-22-07,s3://aind-open-data/715867_2024-05-13_13-22-07,cac2c2fc-a7dc-4fd4-bffb-f102917c1a5e
715867_2024-05-14_11-55-14,s3://aind-open-data/715867_2024-05-14_11-55-14,2f7d8259-8034-49ad-939c-9c6a4cf4bb49
715867_2024-05-15_11-25-07,s3://aind-open-data/715867_2024-05-15_11-25-07,24fd463c-5cf8-4587-9917-3a20be2014c4
715867_2024-05-16_11-19-28,s3://aind-open-data/715867_2024-05-16_11-19-28,57113398-df3e-4ba5-89e5-7c11e256e4d6
715867_2024-05-17_10-43-47,s3://aind-open-data/715867_2024-05-17_10-43-47,5ec4a298-3c3d-46ca-a5f4-bb2c09e0b2a8
715867_2024-05-20_12-22-22,s3://aind-open-data/715867_2024-05-20_12-22-22,27f4a0a4-3557-4534-8b19-907b3c1ba43c
715867_2024-05-21_12-26-02,s3://aind-open-data/715867_2024-05-21_12-26-02,ae5d4f99-2ea4-440c-8051-4dc3987bbc3c
715867_2024-05-22_11-24-38,s3://aind-open-data/715867_2024-05-22_11-24-38,e343619b-84f0-4996-a841-60b86febe08b
715867_2024-05-23_12-28-24,s3://aind-open-data/715867_2024-05-23_12-28-24,53332242-9883-4209-b478-13cbb6f2b7ae
715867_2024-05-24_11-29-01,s3://aind-open-data/715867_2024-05-24_11-29-01,a5179177-201c-410a-b561-da2dd465d9c9
715867_2024-05-30_11-50-46,s3://aind-open-data/715867_2024-05-30_11-50-46,f70a92c5-b5a5-4774-b829-8df5b047e988
715867_2024-06-03_14-43-35,s3://aind-open-data/715867_2024-06-03_14-43-35,603f4c35-0f0a-4c40-885b-0afb908daad0
715867_2024-06-04_14-22-51,s3://aind-open-data/715867_2024-06-04_14-22-51,b518ed34-05b2-4413-b1d2-edca51337372
715867_2024-06-05_14-34-33,s3://aind-open-data/715867_2024-06-05_14-34-33,28f5fb9f-e96d-41a7-bb3c-3ec49846aa55
715867_2024-06-06_13-30-05,s3://aind-open-data/715867_2024-06-06_13-30-05,aeb39ff8-199b-4650-9380-2bd460e29134
715867_2024-06-07_14-13-47,s3://aind-open-data/715867_2024-06-07_14-13-47,e83f2a0b-7b96-4705-b3c6-a310ba68e52c
715867_2024-06-10_10-58-14,s3://aind-open-data/715867_2024-06-10_10-58-14,9150b4a6-65e3-433c-bcce-c34f00a83fef
715867_2024-06-11_14-55-28,s3://aind-open-data/715867_2024-06-11_14-55-28,498871e1-afa0-41f4-9b60-f47af12ff6c6
715867_2024-06-12_11-57-45,s3://aind-open-data/715867_2024-06-12_11-57-45,4051cf13-cc90-4cbf-98f7-bbef3b278e55
715867_2024-06-13_12-30-11,s3://aind-open-data/715867_2024-06-13_12-30-11,4bb71e18-be8d-44ee-b5b9-535af10c14d6
715867_2024-06-14_11-49-44,s3://aind-open-data/715867_2024-06-14_11-49-44,7d5e5107-16f4-448b-8c1c-2808e1840f4a
715867_2024-06-17_12-10-52,s3://aind-open-data/715867_2024-06-17_12-10-52,e347628d-a685-49e3-a5de-d9e146421a83
715867_2024-06-18_11-01-50,s3://aind-open-data/715867_2024-06-18_11-01-50,26bab55b-627d-49ab-affd-7450138997ac
715867_2024-06-19_12-00-31,s3://aind-open-data/715867_2024-06-19_12-00-31,8ae9e3b3-9c03-4807-bb05-66a6ac8a98d6
715867_2024-06-20_11-42-46,s3://aind-open-data/715867_2024-06-20_11-42-46,b1c94c17-3623-404a-86f5-3afe016be5a7
715867_2024-06-21_11-34-30,s3://aind-open-data/715867_2024-06-21_11-34-30,951d38af-3c72-417d-b40d-0d87e6407437
715867_2024-06-24_11-20-36,s3://aind-open-data/715867_2024-06-24_11-20-36,07892a8c-5940-4497-829f-ceb714932bd0
715867_2024-06-25_12-34-40,s3://aind-open-data/715867_2024-06-25_12-34-40,3a54cfc7-4209-4914-b98d-7a1dc1db1612
715867_2024-06-26_11-29-29,s3://aind-open-data/715867_2024-06-26_11-29-29,dbde5ff1-fb9c-4a5d-bd75-dc4ad9b4c5b2
715867_2024-06-27_11-44-39,s3://aind-open-data/715867_2024-06-27_11-44-39,fdad6f57-1252-4485-82f6-8a98ea467315
715867_2024-06-28_11-48-02,s3://aind-open-data/715867_2024-06-28_11-48-02,a94c15b5-ccff-4a29-9009-e91988bbdabc
715869_2024-04-08_09-13-20,s3://aind-open-data/715869_2024-04-08_09-13-20,2ffdf043-0284-4aa3-b014-32ce5f6669b8
715869_2024-04-09_08-19-09,s3://aind-open-data/715869_2024-04-09_08-19-09,ccae364c-c998-4670-b8c8-9e785cb92e60
715869_2024-04-10_08-04-07,s3://aind-open-data/715869_2024-04-10_08-04-07,9e451f80-6219-4d12-b539-e04994a5e32b
715869_2024-04-11_08-02-22,s3://aind-open-data/715869_2024-04-11_08-02-22,9e41edea-48f4-4113-9bda-da31822a181d
715869_2024-04-12_08-10-29,s3://aind-open-data/715869_2024-04-12_08-10-29,723a0e6b-eeb3-4c17-a8b1-5c351b165c11
715869_2024-04-15_08-12-05,s3://aind-open-data/715869_2024-04-15_08-12-05,6b5eaf50-c6e5-42e6-9cb8-25a7384b3b1f
715869_2024-04-16_08-19-53,s3://aind-open-data/715869_2024-04-16_08-19-53,3b30bf96-7740-490a-853c-90410c6f1241
715869_2024-04-17_08-45-31,s3://aind-open-data/715869_2024-04-17_08-45-31,d992676e-8481-4520-8d59-67ca1f61ff23
715869_2024-04-18_08-54-25,s3://aind-open-data/715869_2024-04-18_08-54-25,dbe45223-dec0-4b20-bef9-dee80ef174f1
715869_2024-04-19_09-07-26,s3://aind-open-data/715869_2024-04-19_09-07-26,846cd05b-f6c6-4dcf-b398-c59e3ca8579f
715869_2024-04-22_09-07-49,s3://aind-open-data/715869_2024-04-22_09-07-49,1317c5dd-10a6-48d8-b91b-f766bd3643d5
715869_2024-04-23_08-21-55,s3://aind-open-data/715869_2024-04-23_08-21-55,85d6cc8b-1a5f-4380-b3c7-e13b5b416a0a
715869_2024-04-24_08-47-09,s3://aind-open-data/715869_2024-04-24_08-47-09,5c4efaa9-4481-48a5-a47c-4919b5619704
715869_2024-04-25_08-27-03,s3://aind-open-data/715869_2024-04-25_08-27-03,ffc34fa6-5432-4ee5-b077-88ef01ef11b1
715869_2024-04-26_08-39-29,s3://aind-open-data/715869_2024-04-26_08-39-29,fa4e34ea-d17f-4b38-88cb-698584d3110b
715869_2024-04-29_08-13-32,s3://aind-open-data/715869_2024-04-29_08-13-32,f4a944cc-a4ad-41cc-8f54-9dd792a73164
715869_2024-04-30_08-19-39,s3://aind-open-data/715869_2024-04-30_08-19-39,eed47328-9350-42b5-9f45-2d04f5ec8f51
715869_2024-05-01_08-15-30,s3://aind-open-data/715869_2024-05-01_08-15-30,26bdf263-646d-4d33-95a4-150a00854dbc
715869_2024-05-02_08-06-12,s3://aind-open-data/715869_2024-05-02_08-06-12,fab678ef-bfd9-4d96-8ed0-2f4eb8de5233
715869_2024-05-03_08-05-57,s3://aind-open-data/715869_2024-05-03_08-05-57,644538df-c021-44d2-9e76-6865da378a8f
715869_2024-05-06_08-23-35,s3://aind-open-data/715869_2024-05-06_08-23-35,5cc9278f-ca52-4834-ad26-c5628781d0fd
715869_2024-05-07_08-07-40,s3://aind-open-data/715869_2024-05-07_08-07-40,c5d66157-83c2-4614-a302-5c51836be9d2
715869_2024-05-08_08-59-31,s3://aind-open-data/715869_2024-05-08_08-59-31,716bbd6c-f5b5-4e33-a3be-d31ee9857290
715869_2024-05-09_07-34-33,s3://aind-open-data/715869_2024-05-09_07-34-33,a1e050ce-9e54-46d8-bc1a-1f715d34a995
715869_2024-05-10_07-47-51,s3://aind-open-data/715869_2024-05-10_07-47-51,1a2cc7f6-2e9f-4adb-8c9c-138423b2b1c3
715869_2024-05-13_08-59-18,s3://aind-open-data/715869_2024-05-13_08-59-18,73d4a9f1-9178-4824-bd45-e2999670645a
715869_2024-05-14_08-48-15,s3://aind-open-data/715869_2024-05-14_08-48-15,e3ac3d53-e921-438b-a73d-aa2ae8bf581f
715869_2024-05-15_08-28-59,s3://aind-open-data/715869_2024-05-15_08-28-59,e49e3966-f41c-4b4f-aeba-b736aaf0d85b
715869_2024-05-16_07-59-47,s3://aind-open-data/715869_2024-05-16_07-59-47,f414d0c6-8b01-41cc-a697-ec251c366933
715869_2024-05-17_08-17-45,s3://aind-open-data/715869_2024-05-17_08-17-45,e56f68a3-8395-48a2-94e1-b08bd2f989d7
715869_2024-05-20_09-45-48,s3://aind-open-data/715869_2024-05-20_09-45-48,dc1c2952-15c2-4030-a226-02ef4cf0f249
715869_2024-05-21_08-53-35,s3://aind-open-data/715869_2024-05-21_08-53-35,3eafb010-65db-4e53-905a-a126508dff89
715869_2024-05-22_08-15-08,s3://aind-open-data/715869_2024-05-22_08-15-08,b5051be0-f033-49ba-b102-0eea56e96af8
715869_2024-05-23_08-04-18,s3://aind-open-data/715869_2024-05-23_08-04-18,dc59398a-3862-470a-ae8f-053aad3733f9
715869_2024-05-24_08-14-16,s3://aind-open-data/715869_2024-05-24_08-14-16,ee0b62f5-594d-43e2-9c17-4a0df9c2c602
715869_2024-05-28_08-14-56,s3://aind-open-data/715869_2024-05-28_08-14-56,8f19a0e1-fc51-45b0-9cd7-f1b8ec3ed77b
715869_2024-05-29_08-45-32,s3://aind-open-data/715869_2024-05-29_08-45-32,4799d7a5-0a5a-4df3-b1ad-0aff97da085a
715869_2024-05-30_08-59-51,s3://aind-open-data/715869_2024-05-30_08-59-51,eb0f18d7-2f7a-4470-a0ec-555b5f83d38e
715869_2024-05-31_08-47-30,s3://aind-open-data/715869_2024-05-31_08-47-30,662bf11f-f867-48f0-b8ce-a87bbe6490b5
715869_2024-06-03_07-46-28,s3://aind-open-data/715869_2024-06-03_07-46-28,a4459f7f-169c-4fe8-b40b-39b79db1559a
715869_2024-06-04_06-58-05,s3://aind-open-data/715869_2024-06-04_06-58-05,066b9346-521a-4aab-a628-c9a0afc79c17
715869_2024-06-05_07-36-26,s3://aind-open-data/715869_2024-06-05_07-36-26,796938fd-2cce-4e4b-99fe-c190f2e640bf
715869_2024-06-06_08-45-51,s3://aind-open-data/715869_2024-06-06_08-45-51,9f393a6c-4893-410d-8f28-9f8d87c14448
715869_2024-06-07_08-24-16,s3://aind-open-data/715869_2024-06-07_08-24-16,02fb2dc8-e579-457d-b2a9-efdfd33788e5
715869_2024-06-10_07-43-42,s3://aind-open-data/715869_2024-06-10_07-43-42,bd981ce2-e8ac-489c-9b35-ad60e81e1ae7
715869_2024-06-11_06-44-36,s3://aind-open-data/715869_2024-06-11_06-44-36,8a2c7cbe-5138-462f-984e-857758225566
715869_2024-06-12_07-36-42,s3://aind-open-data/715869_2024-06-12_07-36-42,7c19e1f8-2d97-4bc1-afad-a4ee830214b1
715869_2024-06-13_08-22-39,s3://aind-open-data/715869_2024-06-13_08-22-39,62105c46-54f4-40af-94aa-0ac75e45160d
715869_2024-06-14_08-22-52,s3://aind-open-data/715869_2024-06-14_08-22-52,b3b69f05-7850-4742-ac48-552275bb5e69
715869_2024-06-17_07-31-24,s3://aind-open-data/715869_2024-06-17_07-31-24,21965dba-e498-4dff-b650-4f02116a004e
715869_2024-06-18_07-57-24,s3://aind-open-data/715869_2024-06-18_07-57-24,6199113e-ce61-4e4b-ae6b-0e5ce17af0fd
715869_2024-06-19_09-58-43,s3://aind-open-data/715869_2024-06-19_09-58-43,dbc54631-06cc-4f17-bf2c-295a0b7a0508
715869_2024-06-20_07-48-49,s3://aind-open-data/715869_2024-06-20_07-48-49,f7902f26-4762-42a3-b5c4-e0eadd288a38
715869_2024-06-21_07-38-21,s3://aind-open-data/715869_2024-06-21_07-38-21,a00c6496-8494-4e4a-9af1-e98e060f98f3
715869_2024-06-24_06-42-55,s3://aind-open-data/715869_2024-06-24_06-42-55,97a195d1-69c7-4bae-a2ba-3c7bc9b878ac
715869_2024-06-25_07-54-51,s3://aind-open-data/715869_2024-06-25_07-54-51,fe2cbbbd-a8ee-479e-a664-5415d2cca6c5
715869_2024-06-26_08-20-45,s3://aind-open-data/715869_2024-06-26_08-20-45,6e37a6e9-bbd0-4bed-a71d-fe304f8e9892
715869_2024-06-27_08-07-24,s3://aind-open-data/715869_2024-06-27_08-07-24,a46f059f-202a-4762-8d15-6f86953aa87f
715869_2024-06-28_08-14-10,s3://aind-open-data/715869_2024-06-28_08-14-10,bc7393ac-7d5f-4938-b01f-4048a9ca0dc7
715870_2024-04-08_12-14-32,s3://aind-open-data/715870_2024-04-08_12-14-32,5c422ccb-6151-4a20-9b7a-c9ad0431edb4
715870_2024-04-09_12-24-29,s3://aind-open-data/715870_2024-04-09_12-24-29,40e3c395-0c17-4caa-ad32-3f707a5a7ebe
715870_2024-04-10_11-34-44,s3://aind-open-data/715870_2024-04-10_11-34-44,96bcc7aa-7a12-4708-9ceb-e2bba3e2c97f
715870_2024-04-11_12-29-12,s3://aind-open-data/715870_2024-04-11_12-29-12,4ac350c9-9301-40f1-93d9-6bbbf0aa6baa
715870_2024-04-12_11-43-06,s3://aind-open-data/715870_2024-04-12_11-43-06,5af89652-3b51-4965-a7c0-59c989983192
715870_2024-04-15_11-59-21,s3://aind-open-data/715870_2024-04-15_11-59-21,c3447ba8-e957-4909-b13f-a4619af10a1b
715870_2024-04-16_12-29-04,s3://aind-open-data/715870_2024-04-16_12-29-04,4cc70716-57d7-44dd-abd0-043472033c4c
715870_2024-04-17_12-26-04,s3://aind-open-data/715870_2024-04-17_12-26-04,5703f116-a9a4-40b6-99ae-fd34ca88d622
715870_2024-04-18_12-12-36,s3://aind-open-data/715870_2024-04-18_12-12-36,cf4821dc-0e58-4eb9-8420-a2006525700e
715870_2024-04-19_12-12-15,s3://aind-open-data/715870_2024-04-19_12-12-15,37e3a174-8f02-41e1-805f-f02a805699df
715870_2024-04-22_13-01-20,s3://aind-open-data/715870_2024-04-22_13-01-20,4048f90e-156f-4d29-b738-d0af3b7c3817
715870_2024-04-23_11-29-30,s3://aind-open-data/715870_2024-04-23_11-29-30,a329cda0-1404-4081-8396-8f965c117554
715870_2024-04-24_11-55-19,s3://aind-open-data/715870_2024-04-24_11-55-19,ca2b8919-7bac-4771-9825-9cfdf5df26d1
715870_2024-04-25_12-15-11,s3://aind-open-data/715870_2024-04-25_12-15-11,4a90cff0-6e2d-4e68-b045-f8f5e4ed78ad
715870_2024-04-26_12-03-49,s3://aind-open-data/715870_2024-04-26_12-03-49,e8b73f97-2131-4052-832d-c95d6f724149
715870_2024-04-29_11-34-55,s3://aind-open-data/715870_2024-04-29_11-34-55,2de5e1f0-76a6-47fd-8726-212b4f5ff0c0
715870_2024-04-30_12-05-09,s3://aind-open-data/715870_2024-04-30_12-05-09,a72aae17-73e5-4cf2-a206-39d7a7edc9b4
715870_2024-05-01_11-33-30,s3://aind-open-data/715870_2024-05-01_11-33-30,042a5f57-8f58-46cc-9f9c-595835fe98dd
715870_2024-05-02_12-20-15,s3://aind-open-data/715870_2024-05-02_12-20-15,c432a4b0-1ea3-4954-86ef-9689c642b4db
715870_2024-05-03_11-30-20,s3://aind-open-data/715870_2024-05-03_11-30-20,ebdc12d8-bd7f-4115-9467-47e539cc13e0
715870_2024-05-06_11-45-42,s3://aind-open-data/715870_2024-05-06_11-45-42,b8e3aedd-9efe-46fd-8a2b-d6c835547de9
715870_2024-05-07_12-34-30,s3://aind-open-data/715870_2024-05-07_12-34-30,ced0bb0a-a338-4018-986a-bf096fe0a1bd
715870_2024-05-08_12-07-28,s3://aind-open-data/715870_2024-05-08_12-07-28,3059b6cf-4d86-4995-9f9d-59c55abc3580
715870_2024-05-09_11-00-41,s3://aind-open-data/715870_2024-05-09_11-00-41,b95b539e-3350-444c-9f17-d03e8a223d77
715870_2024-05-10_12-22-24,s3://aind-open-data/715870_2024-05-10_12-22-24,9c12c0fc-dc0c-4d8e-a3b3-e447f47199b3
715870_2024-05-13_13-21-55,s3://aind-open-data/715870_2024-05-13_13-21-55,df781a35-68f9-4a7e-bb24-0587c1754fbd
715870_2024-05-14_11-56-45,s3://aind-open-data/715870_2024-05-14_11-56-45,94982cf3-e479-4eda-b973-f1fbac510929
715870_2024-05-15_11-25-26,s3://aind-open-data/715870_2024-05-15_11-25-26,03c8036b-cffb-4d05-b61b-5d7b6bdfeb4d
715870_2024-05-16_11-19-41,s3://aind-open-data/715870_2024-05-16_11-19-41,1a38e2c8-8b10-49dd-bf18-f7fc2ad7d882
715870_2024-05-17_10-43-28,s3://aind-open-data/715870_2024-05-17_10-43-28,a5df9d89-6f17-4091-8d9f-bf61d80ef023
715870_2024-05-20_12-21-13,s3://aind-open-data/715870_2024-05-20_12-21-13,888de1d6-ad35-4f77-9b37-e4fb7c1ad628
715870_2024-05-21_12-34-24,s3://aind-open-data/715870_2024-05-21_12-34-24,aa6592e2-a621-4d29-9a5c-afc45cd776d3
715870_2024-05-22_11-22-13,s3://aind-open-data/715870_2024-05-22_11-22-13,9ce87312-d3ab-4460-a0f6-295122046de2
715870_2024-05-23_12-27-19,s3://aind-open-data/715870_2024-05-23_12-27-19,bdf897b9-bc79-4af5-ae8b-20a708332f31
715870_2024-05-24_11-32-34,s3://aind-open-data/715870_2024-05-24_11-32-34,2830a77e-4146-43ae-ab45-5e35e609e3f6
715870_2024-05-28_12-30-57,s3://aind-open-data/715870_2024-05-28_12-30-57,a2a25fa3-4104-4a20-add1-f526171736a0
715870_2024-05-29_12-15-00,s3://aind-open-data/715870_2024-05-29_12-15-00,74bb8178-5069-4933-b252-d54da6d3fdd1
715870_2024-05-30_11-49-26,s3://aind-open-data/715870_2024-05-30_11-49-26,508b1c74-4acd-4b76-b3ae-3da7ab735a0c
715870_2024-05-31_12-43-12,s3://aind-open-data/715870_2024-05-31_12-43-12,5e755257-0476-42c8-b4ea-e9622a866c04
715870_2024-06-03_14-28-44,s3://aind-open-data/715870_2024-06-03_14-28-44,8f07012a-ab1f-477e-b512-225be410430f
715870_2024-06-04_14-20-32,s3://aind-open-data/715870_2024-06-04_14-20-32,952dc45a-dc6c-433d-a562-c2291b4a589d
715870_2024-06-05_14-32-51,s3://aind-open-data/715870_2024-06-05_14-32-51,80f16723-9345-4f1b-8d25-45f2528356fe
715870_2024-06-06_13-28-27,s3://aind-open-data/715870_2024-06-06_13-28-27,8287c6ea-28b7-498f-9e37-ce5261f65394
715870_2024-06-07_14-12-45,s3://aind-open-data/715870_2024-06-07_14-12-45,9309004b-17b6-4201-b175-ed143fe11912
715870_2024-06-10_10-57-29,s3://aind-open-data/715870_2024-06-10_10-57-29,f2200f70-be51-4924-8e38-62d55bef63c2
715870_2024-06-11_14-53-52,s3://aind-open-data/715870_2024-06-11_14-53-52,c63dbe98-b738-4ce2-8b73-f02b550691c1
715870_2024-06-12_11-56-49,s3://aind-open-data/715870_2024-06-12_11-56-49,4c5ef7df-13e0-4c98-8fdd-0c34dc33efad
715870_2024-06-13_12-29-55,s3://aind-open-data/715870_2024-06-13_12-29-55,87da61ba-2c80-4e65-acab-9e591ba8da1e
715870_2024-06-14_11-49-00,s3://aind-open-data/715870_2024-06-14_11-49-00,9470e420-50c6-4940-8a44-8c2938ec0394
715870_2024-06-17_12-10-43,s3://aind-open-data/715870_2024-06-17_12-10-43,f32d5d7c-179b-40ea-9827-f61353efc177
715870_2024-06-18_10-56-32,s3://aind-open-data/715870_2024-06-18_10-56-32,5e20bf0b-786b-4544-b97d-6a3af94819ac
715870_2024-06-19_12-00-13,s3://aind-open-data/715870_2024-06-19_12-00-13,f9002a73-d29b-4671-8ae4-4ffc4b1b0973
715870_2024-06-20_11-39-37,s3://aind-open-data/715870_2024-06-20_11-39-37,4ad30269-eb7c-4cd0-bea3-3c7cab72e2b8
715870_2024-06-21_11-33-50,s3://aind-open-data/715870_2024-06-21_11-33-50,e7242209-09d2-4c1c-ac09-33cb4ae82f60
715870_2024-06-24_11-20-07,s3://aind-open-data/715870_2024-06-24_11-20-07,fa9b27f5-d004-46ab-8141-d6a94caac65c
715870_2024-06-25_12-33-09,s3://aind-open-data/715870_2024-06-25_12-33-09,fa61c3cb-314d-4879-b354-23f52938f514
715870_2024-06-26_11-20-53,s3://aind-open-data/715870_2024-06-26_11-20-53,176004c0-2013-48ab-87b7-d767b02a1b68
715870_2024-06-27_11-42-23,s3://aind-open-data/715870_2024-06-27_11-42-23,e5cfb51e-78b9-4241-bb12-57d6b07cfbd4
715870_2024-06-28_11-47-07,s3://aind-open-data/715870_2024-06-28_11-47-07,412025ab-2282-4ebb-813b-53b75eda8a50
716455_2024-04-09_10-09-07,s3://aind-open-data/716455_2024-04-09_10-09-07,243455ad-cb4a-46c2-9587-6d2eea6efe6d
716455_2024-04-10_10-13-48,s3://aind-open-data/716455_2024-04-10_10-13-48,29ca058f-2fbc-46a9-9559-77123ddd5ff5
716455_2024-04-11_10-19-39,s3://aind-open-data/716455_2024-04-11_10-19-39,0e5ef342-51ef-4619-8ad1-5e939938ef29
716455_2024-04-12_10-14-59,s3://aind-open-data/716455_2024-04-12_10-14-59,f814e2c8-5b5c-45e2-9a54-9d6ff682c1ee
716455_2024-04-13_11-17-05,s3://aind-open-data/716455_2024-04-13_11-17-05,34e9ecfc-1a1a-471c-a2d8-c23e427e7d09
716455_2024-04-15_10-35-24,s3://aind-open-data/716455_2024-04-15_10-35-24,f41f2e9b-b48f-44fa-87a3-e8ca8ae93696
716455_2024-04-16_11-42-27,s3://aind-open-data/716455_2024-04-16_11-42-27,18fa0fa6-d8ca-4b46-82f8-04fa32ee83fc
716455_2024-04-17_10-33-10,s3://aind-open-data/716455_2024-04-17_10-33-10,4a0c374b-383e-40da-8132-a88823a97be5
716455_2024-04-18_10-34-33,s3://aind-open-data/716455_2024-04-18_10-34-33,befcdc48-e35e-43ff-9893-e1b61f996fc6
716455_2024-04-19_10-42-18,s3://aind-open-data/716455_2024-04-19_10-42-18,b306d9e9-8656-4896-88e7-681e7f7cc8dc
716455_2024-04-22_10-41-25,s3://aind-open-data/716455_2024-04-22_10-41-25,964f5082-9ca6-4fe3-8b98-1a4d54bcf28e
716455_2024-04-23_10-15-27,s3://aind-open-data/716455_2024-04-23_10-15-27,05457988-3aef-4b43-a3a5-f6706d01f8d6
716455_2024-04-24_10-29-43,s3://aind-open-data/716455_2024-04-24_10-29-43,21293575-cc38-4332-971a-69bd0912bd39
716455_2024-04-25_10-23-37,s3://aind-open-data/716455_2024-04-25_10-23-37,74a7872a-33f0-4373-a8b4-13a5c4b772eb
716455_2024-04-26_10-11-42,s3://aind-open-data/716455_2024-04-26_10-11-42,10ab15cf-e325-45ab-98a8-2884bda6b946
716455_2024-04-29_10-19-37,s3://aind-open-data/716455_2024-04-29_10-19-37,267788a9-29cf-471d-8199-b6c373a12337
716455_2024-04-30_10-31-59,s3://aind-open-data/716455_2024-04-30_10-31-59,78b900bc-7bdf-466f-8875-39df8ab8bd68
716455_2024-05-01_09-58-06,s3://aind-open-data/716455_2024-05-01_09-58-06,834f956a-4a69-4169-8301-bb77cd99cbd5
716455_2024-05-02_09-43-18,s3://aind-open-data/716455_2024-05-02_09-43-18,c89b5637-b948-4524-8f5e-5a13cf68fe84
716455_2024-05-03_09-40-47,s3://aind-open-data/716455_2024-05-03_09-40-47,05a8002d-e60a-48a0-b91b-5d23bdb0dd7a
716455_2024-05-06_10-03-34,s3://aind-open-data/716455_2024-05-06_10-03-34,e6df737d-fd83-4355-bfbb-1209564a75f5
716455_2024-05-07_10-57-05,s3://aind-open-data/716455_2024-05-07_10-57-05,6b4adfe5-1556-49b9-a688-a2e5d785f0e6
716455_2024-05-08_10-49-38,s3://aind-open-data/716455_2024-05-08_10-49-38,d1c3e566-9c0f-4793-bef3-b2107d1476d6
716455_2024-05-09_09-49-38,s3://aind-open-data/716455_2024-05-09_09-49-38,6bd2e2dc-6d4a-4f4f-b230-2aef01488a28
716455_2024-05-10_10-08-23,s3://aind-open-data/716455_2024-05-10_10-08-23,3d0dcd2b-0253-4e05-a501-e155f65382fa
716455_2024-05-13_10-41-05,s3://aind-open-data/716455_2024-05-13_10-41-05,63dacbc1-6965-45d4-807a-b80b68fefd22
716455_2024-05-14_10-32-25,s3://aind-open-data/716455_2024-05-14_10-32-25,0190b1f7-5bee-417c-bdff-92c7e5e953af
716455_2024-05-15_10-03-48,s3://aind-open-data/716455_2024-05-15_10-03-48,3d3c99e9-6211-4fe2-911d-9014b09b3b24
716455_2024-05-16_09-58-15,s3://aind-open-data/716455_2024-05-16_09-58-15,37b74080-3c06-44ec-b7d6-97605601b745
716455_2024-05-20_11-15-46,s3://aind-open-data/716455_2024-05-20_11-15-46,d2a81974-bc4e-4c3b-8296-dc36c96aa343
716455_2024-05-21_10-49-09,s3://aind-open-data/716455_2024-05-21_10-49-09,76026dfc-713d-4ad9-9ded-89b667309222
716455_2024-05-22_09-45-07,s3://aind-open-data/716455_2024-05-22_09-45-07,78f9b8ae-9547-4369-aa70-da7791dc121e
716455_2024-05-23_09-47-54,s3://aind-open-data/716455_2024-05-23_09-47-54,7314ea95-98a2-46bc-b44b-31f3f72a6315
716455_2024-05-24_10-07-34,s3://aind-open-data/716455_2024-05-24_10-07-34,122f38db-7527-4e18-b3f7-37d37bbfde0e
716455_2024-05-28_10-03-56,s3://aind-open-data/716455_2024-05-28_10-03-56,57ba6d59-b666-470a-ac26-55114bf9835b
716455_2024-05-29_10-29-34,s3://aind-open-data/716455_2024-05-29_10-29-34,73446cf1-46f0-4f62-a825-bf205c93f3fa
716455_2024-05-30_10-30-49,s3://aind-open-data/716455_2024-05-30_10-30-49,4a98fbf9-1b72-4bec-9ff9-21dc8255f270
716455_2024-05-31_10-27-17,s3://aind-open-data/716455_2024-05-31_10-27-17,499866b4-9eaa-42a0-8aae-d7ffdd06a5f8
716455_2024-06-03_10-49-33,s3://aind-open-data/716455_2024-06-03_10-49-33,e56eaf1b-ae19-43c7-80e8-6704edd24313
716455_2024-06-04_11-20-10,s3://aind-open-data/716455_2024-06-04_11-20-10,2353cf74-0716-44ab-854c-cf29286d8620
716455_2024-06-05_10-33-13,s3://aind-open-data/716455_2024-06-05_10-33-13,8aef5aaa-428a-4531-ad89-5c432694bfcb
716455_2024-06-06_10-41-27,s3://aind-open-data/716455_2024-06-06_10-41-27,eab4dd17-0888-45d3-bc02-add882423bb6
716455_2024-06-07_10-07-15,s3://aind-open-data/716455_2024-06-07_10-07-15,b02139e7-1d8c-4802-b6db-0dbf3da2b111
716455_2024-06-10_09-18-04,s3://aind-open-data/716455_2024-06-10_09-18-04,5f14f176-65e8-4ede-b0a6-3f4acccf9fbd
716455_2024-06-11_10-02-38,s3://aind-open-data/716455_2024-06-11_10-02-38,409fc968-83fa-4ed2-825a-a052e68fe666
716455_2024-06-12_09-21-42,s3://aind-open-data/716455_2024-06-12_09-21-42,028be5cc-c6c9-41b7-81d4-fffe95372efc
716455_2024-06-13_09-58-35,s3://aind-open-data/716455_2024-06-13_09-58-35,69caeb6c-e564-4a19-b9a5-7e34074e9765
716455_2024-06-14_10-08-34,s3://aind-open-data/716455_2024-06-14_10-08-34,ba798d45-411f-4d07-a915-f289060aab6d
716455_2024-06-17_10-37-39,s3://aind-open-data/716455_2024-06-17_10-37-39,e8350530-f9ba-4233-b1ff-9c2f907e818a
716455_2024-06-18_09-59-02,s3://aind-open-data/716455_2024-06-18_09-59-02,12c85888-dc3a-412f-bd11-7adb49321419
716455_2024-06-19_11-09-14,s3://aind-open-data/716455_2024-06-19_11-09-14,d86af747-a008-4efa-9a71-6ee80de2e366
716455_2024-06-20_10-21-27,s3://aind-open-data/716455_2024-06-20_10-21-27,2810b18d-70b1-41a4-949d-0d4523134b98
716455_2024-06-21_10-21-42,s3://aind-open-data/716455_2024-06-21_10-21-42,ef95be81-7bd9-40c0-b535-7a2d3eebe642
716455_2024-06-24_10-05-03,s3://aind-open-data/716455_2024-06-24_10-05-03,477ae706-563d-4664-97a0-331a95b3c163
716455_2024-06-25_09-54-26,s3://aind-open-data/716455_2024-06-25_09-54-26,c03a151c-4796-4e47-b274-e75f64925c60
716455_2024-06-26_10-29-29,s3://aind-open-data/716455_2024-06-26_10-29-29,d173ba2d-2950-455c-b57f-1f6b3d063b8d
716455_2024-06-27_09-47-52,s3://aind-open-data/716455_2024-06-27_09-47-52,7319cb02-2730-4dce-8720-a13153d1958a
716455_2024-06-28_09-54-42,s3://aind-open-data/716455_2024-06-28_09-54-42,13387759-571b-42c1-9746-da047c3fe9c8
716456_2024-04-24_09-13-59,s3://aind-open-data/716456_2024-04-24_09-13-59,5b338e50-62f0-427a-a049-c64c5517d115
716456_2024-04-25_08-27-39,s3://aind-open-data/716456_2024-04-25_08-27-39,10d3fe89-aaf3-44ba-b81b-a9371086d8f3
716456_2024-04-26_08-52-22,s3://aind-open-data/716456_2024-04-26_08-52-22,fb7a9b13-936c-4332-9b17-b2f9b99e1b7b
716456_2024-04-29_11-35-35,s3://aind-open-data/716456_2024-04-29_11-35-35,3485689d-68c1-402e-8eda-e331e66d59f9
716456_2024-04-30_12-06-32,s3://aind-open-data/716456_2024-04-30_12-06-32,a33d4b08-7971-46b0-b265-f1248532422f
716456_2024-05-01_11-34-04,s3://aind-open-data/716456_2024-05-01_11-34-04,f313a2f8-6c23-462b-84e0-c88392a5fa4e
716456_2024-05-02_12-00-37,s3://aind-open-data/716456_2024-05-02_12-00-37,93d0d937-f111-468f-ba63-2b9ec592b3d0
716456_2024-05-03_11-31-53,s3://aind-open-data/716456_2024-05-03_11-31-53,a3536101-e21a-4c8f-9146-3bb73700a874
716456_2024-05-06_11-46-24,s3://aind-open-data/716456_2024-05-06_11-46-24,86683f03-cc53-465a-bff5-6a68feb94142
716456_2024-05-07_12-54-52,s3://aind-open-data/716456_2024-05-07_12-54-52,a89e0aca-e7f7-49e0-bdab-6acba0e6f2ae
716456_2024-05-08_12-08-17,s3://aind-open-data/716456_2024-05-08_12-08-17,812b98e1-5a4c-4a23-bd91-3cef6664a2ee
716456_2024-05-09_11-41-06,s3://aind-open-data/716456_2024-05-09_11-41-06,e8441405-9242-4750-bfb3-6e9b19d9f2f8
716456_2024-05-10_12-23-40,s3://aind-open-data/716456_2024-05-10_12-23-40,124e7d7b-6398-4bd6-bd47-28f3921d3b27
716456_2024-05-13_13-21-42,s3://aind-open-data/716456_2024-05-13_13-21-42,ff84fe55-62af-42cf-b322-e74fafcc390f
716456_2024-05-14_12-07-33,s3://aind-open-data/716456_2024-05-14_12-07-33,0276b863-e7ee-41b7-914c-a1132130912b
716456_2024-05-15_11-25-41,s3://aind-open-data/716456_2024-05-15_11-25-41,4a797f63-7752-4f8d-aa34-6e2a7c26f929
716456_2024-05-16_11-19-51,s3://aind-open-data/716456_2024-05-16_11-19-51,d47911a7-711f-4846-9f59-0b272d241a41
716456_2024-05-17_10-43-20,s3://aind-open-data/716456_2024-05-17_10-43-20,6b34f09f-65d6-4e1d-9ec4-a13980a78371
716456_2024-05-20_12-21-49,s3://aind-open-data/716456_2024-05-20_12-21-49,4cfad5d8-390f-4e53-8feb-9ef85b796363
716456_2024-05-21_12-21-52,s3://aind-open-data/716456_2024-05-21_12-21-52,0137c271-6522-4234-9aa0-011b095243b3
716456_2024-05-22_11-22-49,s3://aind-open-data/716456_2024-05-22_11-22-49,46a470de-e44d-4799-88bf-548221b17deb
716456_2024-05-23_12-27-34,s3://aind-open-data/716456_2024-05-23_12-27-34,ae4b5fce-5999-4855-8bd1-c0a88f9b2ee4
716456_2024-05-24_11-44-42,s3://aind-open-data/716456_2024-05-24_11-44-42,68d640fb-7f96-4383-8dc1-62cff8e04c37
716456_2024-05-28_12-31-30,s3://aind-open-data/716456_2024-05-28_12-31-30,a072fd21-61e7-46fc-ad86-9c034c1bba13
716456_2024-05-29_12-15-26,s3://aind-open-data/716456_2024-05-29_12-15-26,aa9c6a33-1ab1-47f7-be66-3dc8bc0e9654
716456_2024-05-30_11-50-46,s3://aind-open-data/716456_2024-05-30_11-50-46,a770740d-b2b3-45f4-b2f1-d7693ada529f
716456_2024-05-31_12-44-58,s3://aind-open-data/716456_2024-05-31_12-44-58,b42717f7-4fc9-4968-b9c7-3f5442b0a5d9
716456_2024-06-03_14-29-06,s3://aind-open-data/716456_2024-06-03_14-29-06,7ec1c2a5-08a2-435c-80df-78f9014f8a12
716456_2024-06-04_14-23-24,s3://aind-open-data/716456_2024-06-04_14-23-24,f5bba551-0d9e-42da-af59-0fb650db46a0
716456_2024-06-05_14-33-08,s3://aind-open-data/716456_2024-06-05_14-33-08,b54b7214-d817-4b0e-b6a5-7dbf76b3de49
716456_2024-06-06_13-28-45,s3://aind-open-data/716456_2024-06-06_13-28-45,fca92a65-b317-4188-ac30-aeae77946dd2
716456_2024-06-07_14-13-16,s3://aind-open-data/716456_2024-06-07_14-13-16,7749e3ec-1485-46ad-ae8d-e344fb0e91ce
716456_2024-06-10_11-05-06,s3://aind-open-data/716456_2024-06-10_11-05-06,56d4e9fb-53ea-4d27-b679-399405b94f0d
716456_2024-06-11_14-54-06,s3://aind-open-data/716456_2024-06-11_14-54-06,3735e5ad-eb8b-4ca8-a8fa-9ad3fdab9669
716456_2024-06-12_11-57-03,s3://aind-open-data/716456_2024-06-12_11-57-03,8971dfcb-5d9d-41d1-b987-cb3b128935fb
716456_2024-06-13_12-30-05,s3://aind-open-data/716456_2024-06-13_12-30-05,0bf49311-f6e2-4be6-bcc5-b038644b1fc2
716456_2024-06-14_11-49-19,s3://aind-open-data/716456_2024-06-14_11-49-19,d2844fa6-fd8b-4906-be1f-689137309754
716456_2024-06-17_12-10-34,s3://aind-open-data/716456_2024-06-17_12-10-34,b7603b75-1ed6-4b0f-829e-06e9ba9aa4c2
716456_2024-06-19_12-00-04,s3://aind-open-data/716456_2024-06-19_12-00-04,e9a962e8-1e0d-466c-93a4-473036c14e9d
716456_2024-06-20_11-41-08,s3://aind-open-data/716456_2024-06-20_11-41-08,0e2f1fc4-a46f-42c2-b7ba-b98668ac3eea
716456_2024-06-21_11-34-07,s3://aind-open-data/716456_2024-06-21_11-34-07,79366d31-1951-44dd-b2ac-9f0071c37537
716456_2024-06-24_11-18-14,s3://aind-open-data/716456_2024-06-24_11-18-14,a8bcbc6c-20f8-4307-912c-f3d5f4666a3e
716456_2024-06-25_12-33-23,s3://aind-open-data/716456_2024-06-25_12-33-23,8e9c6c2a-4505-4b98-a0cf-3807b7fc6f31
716456_2024-06-26_11-32-12,s3://aind-open-data/716456_2024-06-26_11-32-12,7622d92d-ab65-4b9f-b99d-6bfdd4f847ea
716456_2024-06-27_11-42-11,s3://aind-open-data/716456_2024-06-27_11-42-11,8391bd83-da0d-4379-9dee-ee3d9d957d64
716456_2024-06-28_12-07-56,s3://aind-open-data/716456_2024-06-28_12-07-56,47f5ef18-7e66-4052-83cb-0432ed1b883e
716457_2024-04-24_11-56-53,s3://aind-open-data/716457_2024-04-24_11-56-53,902c63bc-b6bb-4de3-a9b4-9b30ffd2c9bf
716457_2024-04-25_12-15-52,s3://aind-open-data/716457_2024-04-25_12-15-52,ddb0e7bb-118f-4d21-8295-c3c0069b79eb
716457_2024-04-26_12-04-22,s3://aind-open-data/716457_2024-04-26_12-04-22,e2a17b47-2b36-48ea-9d76-5f6781ece200
716457_2024-04-29_08-16-11,s3://aind-open-data/716457_2024-04-29_08-16-11,8690c8d7-3da1-4d1f-9211-2ef03ec786a4
716457_2024-04-30_08-22-11,s3://aind-open-data/716457_2024-04-30_08-22-11,1892d63e-1312-498f-ae3a-4ca965d5f226
716457_2024-05-01_08-17-57,s3://aind-open-data/716457_2024-05-01_08-17-57,cae568a7-d9f5-471e-a679-4134f3938029
716457_2024-05-02_08-08-54,s3://aind-open-data/716457_2024-05-02_08-08-54,bc6e5ce3-fc00-425a-9b97-e7484168c593
716457_2024-05-03_08-05-42,s3://aind-open-data/716457_2024-05-03_08-05-42,ad9976e0-5870-41f4-82d6-fad3a2f5d467
716457_2024-05-06_08-22-21,s3://aind-open-data/716457_2024-05-06_08-22-21,8fb72aa1-acce-4c4e-b864-88a3f35ef5d2
716457_2024-05-07_08-07-00,s3://aind-open-data/716457_2024-05-07_08-07-00,40184dcc-8c92-4ebd-9e91-da41ebf7ac28
716457_2024-05-08_09-29-02,s3://aind-open-data/716457_2024-05-08_09-29-02,2c07f39e-b322-4124-83d3-cf21bc9e325b
716457_2024-05-09_07-37-18,s3://aind-open-data/716457_2024-05-09_07-37-18,4ca89ad3-5f76-4a13-a252-f7b09d945323
716457_2024-05-10_07-53-07,s3://aind-open-data/716457_2024-05-10_07-53-07,9fadcd9c-cd94-4197-b28f-5da6c0dbab96
716457_2024-05-13_09-02-38,s3://aind-open-data/716457_2024-05-13_09-02-38,6595d90a-14f6-4a31-a9fd-b8b2387887da
716457_2024-05-14_08-48-58,s3://aind-open-data/716457_2024-05-14_08-48-58,cc1a4398-d7ae-4d9a-ba1d-f9df0271f9c8
716457_2024-05-15_08-31-25,s3://aind-open-data/716457_2024-05-15_08-31-25,ab3852eb-360e-4ef4-897a-cd633f9e4c1d
716457_2024-05-16_08-00-34,s3://aind-open-data/716457_2024-05-16_08-00-34,3e176944-39f7-4349-9381-499df3ab5809
716457_2024-05-17_08-07-25,s3://aind-open-data/716457_2024-05-17_08-07-25,905fdde3-2adf-4836-880c-1ea87bcca6f7
716457_2024-05-20_09-46-30,s3://aind-open-data/716457_2024-05-20_09-46-30,e44e30cc-326d-4db8-a9dd-a82ec47f0188
716457_2024-05-21_08-56-21,s3://aind-open-data/716457_2024-05-21_08-56-21,acbf7fe7-ee0e-4fbe-9903-c7d12986bf22
716457_2024-05-22_08-16-59,s3://aind-open-data/716457_2024-05-22_08-16-59,ac68b6d9-9673-4d53-a373-5fb762ad4c41
716457_2024-05-23_08-05-51,s3://aind-open-data/716457_2024-05-23_08-05-51,2cced5de-575d-4485-b504-d2402e2dd156
716457_2024-05-24_08-15-08,s3://aind-open-data/716457_2024-05-24_08-15-08,9183dda5-65ba-4d00-b79c-e37bf7d5d4e1
716457_2024-05-28_08-16-19,s3://aind-open-data/716457_2024-05-28_08-16-19,6708da22-7284-4b68-a5f4-d28cf3be0aae
716457_2024-05-29_08-47-18,s3://aind-open-data/716457_2024-05-29_08-47-18,14202e71-89d7-4ceb-969c-9ee45ec520cb
716457_2024-05-30_08-58-53,s3://aind-open-data/716457_2024-05-30_08-58-53,fd76de62-6f61-4ba3-a3f1-036122fea3a2
716457_2024-05-31_08-44-50,s3://aind-open-data/716457_2024-05-31_08-44-50,b1b15b6e-6135-4dcf-953d-379c15dbb42b
716457_2024-06-03_07-48-24,s3://aind-open-data/716457_2024-06-03_07-48-24,eb911784-7ae2-4a44-b034-375a31b4f114
716457_2024-06-04_06-59-32,s3://aind-open-data/716457_2024-06-04_06-59-32,de940f1a-e4aa-48e6-8381-c3434bbc4ac1
716457_2024-06-05_07-37-38,s3://aind-open-data/716457_2024-06-05_07-37-38,98f9117c-d487-425a-b532-ffa509435c80
716457_2024-06-06_08-44-48,s3://aind-open-data/716457_2024-06-06_08-44-48,526ce3cf-99d4-44f3-90fd-52a5029bec2a
716457_2024-06-07_08-25-32,s3://aind-open-data/716457_2024-06-07_08-25-32,c603d5a9-670c-4f51-83bf-896be0b9751b
716457_2024-06-10_07-42-11,s3://aind-open-data/716457_2024-06-10_07-42-11,5e7618fd-af18-4066-b197-8acab6ad2880
716457_2024-06-11_06-45-55,s3://aind-open-data/716457_2024-06-11_06-45-55,1fea880b-f120-47ee-b004-88da2e5c5b66
716457_2024-06-12_07-36-29,s3://aind-open-data/716457_2024-06-12_07-36-29,227bf162-fe33-489e-8d7e-733e1a209754
716457_2024-06-13_08-23-02,s3://aind-open-data/716457_2024-06-13_08-23-02,30a6915e-978a-4623-a503-c9fed4573bb1
716457_2024-06-14_08-23-15,s3://aind-open-data/716457_2024-06-14_08-23-15,60a8d3c2-a352-460b-82ea-f8a332ed2527
716457_2024-06-17_07-39-46,s3://aind-open-data/716457_2024-06-17_07-39-46,fd7804d8-2d9c-479f-923e-790419a2b1cf
716457_2024-06-18_07-54-48,s3://aind-open-data/716457_2024-06-18_07-54-48,c11203d9-ac1f-4581-a1be-08f88cf20329
716457_2024-06-19_09-59-05,s3://aind-open-data/716457_2024-06-19_09-59-05,b62b791b-4b54-4ac6-8f7e-38842fefb82e
716457_2024-06-20_07-50-07,s3://aind-open-data/716457_2024-06-20_07-50-07,5c34bdfc-4f42-4663-9675-deb2ae85b4fb
716457_2024-06-21_07-37-24,s3://aind-open-data/716457_2024-06-21_07-37-24,d27ff316-5723-4ffa-988f-ff97ccdd93f1
716457_2024-06-24_06-39-00,s3://aind-open-data/716457_2024-06-24_06-39-00,19e24801-aecc-488b-8ccf-f6d988519730
716457_2024-06-25_07-54-37,s3://aind-open-data/716457_2024-06-25_07-54-37,7dd2a095-19c2-48dc-b023-f2a8ab785585
716457_2024-06-26_08-20-25,s3://aind-open-data/716457_2024-06-26_08-20-25,ff88105f-0354-4760-9672-3b11c9d498f4
716457_2024-06-27_07-58-45,s3://aind-open-data/716457_2024-06-27_07-58-45,49c42e6e-aacd-4215-a252-9d82723373e4
716457_2024-06-28_08-12-47,s3://aind-open-data/716457_2024-06-28_08-12-47,d8fa9d1c-690d-4ff7-a430-2454bcc9da36
716458_2024-04-08_09-41-26,s3://aind-open-data/716458_2024-04-08_09-41-26,f1c1afa0-bc24-4079-bb81-079dff2d3510
716458_2024-04-09_07-34-04,s3://aind-open-data/716458_2024-04-09_07-34-04,fb5e14a1-7505-443d-8f3e-25efbaee6bf4
716458_2024-04-10_08-01-37,s3://aind-open-data/716458_2024-04-10_08-01-37,2a608e72-0065-44ae-810c-48f4adceab11
716458_2024-04-11_08-34-23,s3://aind-open-data/716458_2024-04-11_08-34-23,f29d63a6-81f0-4df6-8ab6-069c3cce9eff
716458_2024-04-12_08-12-04,s3://aind-open-data/716458_2024-04-12_08-12-04,046acf97-2ecd-405b-9c9b-0d48026694bb
716458_2024-04-13_12-22-07,s3://aind-open-data/716458_2024-04-13_12-22-07,aef2856b-3c5e-40e5-ac87-3035f9121846
716458_2024-04-15_08-28-12,s3://aind-open-data/716458_2024-04-15_08-28-12,211307e5-9655-409f-9d1e-c5664bd83a6c
716458_2024-04-16_08-21-37,s3://aind-open-data/716458_2024-04-16_08-21-37,9705c2c7-51c3-4a58-bce2-531ee16f24db
716458_2024-04-17_08-45-15,s3://aind-open-data/716458_2024-04-17_08-45-15,41260980-c94d-43b8-98c4-295732c45ce3
716458_2024-04-18_08-54-00,s3://aind-open-data/716458_2024-04-18_08-54-00,ff30aaab-2c24-45a4-9966-73f1c7a6d09c
716458_2024-04-19_09-07-12,s3://aind-open-data/716458_2024-04-19_09-07-12,7a908adf-f4ba-41ea-bfed-f0f1d2b73083
716458_2024-04-22_09-11-41,s3://aind-open-data/716458_2024-04-22_09-11-41,9fb26bb6-ddbe-4221-bb08-1d697e560e60
716458_2024-04-23_08-22-15,s3://aind-open-data/716458_2024-04-23_08-22-15,fc241a8f-bf42-4ae1-9f46-01e548afac1c
716458_2024-04-24_08-49-04,s3://aind-open-data/716458_2024-04-24_08-49-04,24d53b3d-4acb-43ab-a79c-a577ccb78176
716458_2024-04-25_08-25-43,s3://aind-open-data/716458_2024-04-25_08-25-43,5f8d588e-2091-4d88-8ecd-723c42a48e48
716458_2024-04-26_08-40-35,s3://aind-open-data/716458_2024-04-26_08-40-35,479d6f54-2604-45ca-8512-4307f038dd86
716458_2024-04-29_08-13-59,s3://aind-open-data/716458_2024-04-29_08-13-59,5f34376a-4d97-41b5-8170-f02451c57fab
716458_2024-04-30_08-20-15,s3://aind-open-data/716458_2024-04-30_08-20-15,37f2dbfa-7543-47eb-87f3-e80583fbd7e1
716458_2024-05-01_08-16-02,s3://aind-open-data/716458_2024-05-01_08-16-02,029261ea-2c08-47bb-a0ba-72ff2b301bcd
716458_2024-05-02_08-05-53,s3://aind-open-data/716458_2024-05-02_08-05-53,e2bacd2b-c0f2-4a98-8004-5efc6bcf42ac
716458_2024-05-03_08-06-14,s3://aind-open-data/716458_2024-05-03_08-06-14,c684e26c-aeb0-48ce-87ad-7e78316ac780
716458_2024-05-06_08-23-46,s3://aind-open-data/716458_2024-05-06_08-23-46,59d907a2-71e6-4d43-bb38-29f01f17817c
716458_2024-05-07_08-07-57,s3://aind-open-data/716458_2024-05-07_08-07-57,da22b0b0-75dd-4c38-a7aa-dcc2edf89a88
716458_2024-05-08_08-59-43,s3://aind-open-data/716458_2024-05-08_08-59-43,0e023676-f635-4ee3-a809-7b2b4595d256
716458_2024-05-09_07-34-46,s3://aind-open-data/716458_2024-05-09_07-34-46,113d4198-421d-4e04-899c-ee8efcc5bf6a
716458_2024-05-10_08-00-29,s3://aind-open-data/716458_2024-05-10_08-00-29,f7711188-0350-4e07-85b9-77ac5d51812b
716458_2024-05-13_09-03-55,s3://aind-open-data/716458_2024-05-13_09-03-55,2e880e3d-aafb-433f-83ba-fdc11e82dabb
716458_2024-05-14_08-48-02,s3://aind-open-data/716458_2024-05-14_08-48-02,ac3d5adb-6b2f-4c09-9719-834230075f2a
716458_2024-05-15_08-28-47,s3://aind-open-data/716458_2024-05-15_08-28-47,d9864dec-52e5-466a-884f-99231c0f69e8
716458_2024-05-16_07-59-58,s3://aind-open-data/716458_2024-05-16_07-59-58,58ef6d7d-a614-488b-975a-210593f07321
716458_2024-05-17_08-06-18,s3://aind-open-data/716458_2024-05-17_08-06-18,137a154a-900f-429f-b5b9-3b5b8e3bdfa3
716458_2024-05-20_09-46-01,s3://aind-open-data/716458_2024-05-20_09-46-01,2378f0dc-946a-49aa-b766-e52846577709
716458_2024-05-21_08-53-54,s3://aind-open-data/716458_2024-05-21_08-53-54,bfe16bc2-4acb-400c-bee1-95d640f6170a
716458_2024-05-22_08-15-29,s3://aind-open-data/716458_2024-05-22_08-15-29,545a35c8-a480-494c-996d-faa26f556b91
716458_2024-05-23_08-04-35,s3://aind-open-data/716458_2024-05-23_08-04-35,d9150f8e-f002-4966-86d5-e4c430d66796
716458_2024-05-24_08-14-29,s3://aind-open-data/716458_2024-05-24_08-14-29,545371ca-07c7-4103-a2c4-e0170b4cd73c
716458_2024-05-28_08-15-14,s3://aind-open-data/716458_2024-05-28_08-15-14,5e9a2255-8fe3-46f9-a71b-cf34997d0bcc
716458_2024-05-29_08-45-56,s3://aind-open-data/716458_2024-05-29_08-45-56,e2b48b7f-40e2-4220-9fe3-51160bb969e3
716458_2024-05-30_09-00-13,s3://aind-open-data/716458_2024-05-30_09-00-13,9dcdcd9b-13ef-4ae3-9817-ca4473ecfe9a
716458_2024-05-31_08-47-58,s3://aind-open-data/716458_2024-05-31_08-47-58,587efe8d-9c9f-4839-bbcd-7aba458fbd29
716458_2024-06-03_07-46-47,s3://aind-open-data/716458_2024-06-03_07-46-47,e6054cf5-ced1-470f-8109-80cb980dda7e
716458_2024-06-04_06-58-41,s3://aind-open-data/716458_2024-06-04_06-58-41,9da2ce0e-1771-4180-be91-85a922a5040d
716458_2024-06-05_07-36-44,s3://aind-open-data/716458_2024-06-05_07-36-44,c08e4df9-3263-469e-adbe-5e958a456eb7
716458_2024-06-07_08-24-31,s3://aind-open-data/716458_2024-06-07_08-24-31,401abe65-1c7d-4f31-ace0-9433bf24f52d
716458_2024-06-10_07-44-43,s3://aind-open-data/716458_2024-06-10_07-44-43,b7e6880f-7a63-4de5-b4a1-53a0e946192d
716458_2024-06-11_08-21-19,s3://aind-open-data/716458_2024-06-11_08-21-19,28053349-5b8f-4ccc-834b-ff5b588af68a
716458_2024-06-12_07-36-51,s3://aind-open-data/716458_2024-06-12_07-36-51,0cd00c41-2002-4fd4-85a5-1618c2612304
716458_2024-06-13_08-22-47,s3://aind-open-data/716458_2024-06-13_08-22-47,8425cc36-8370-476f-b5b5-130d12e2a399
716458_2024-06-14_08-23-01,s3://aind-open-data/716458_2024-06-14_08-23-01,2957c0c4-6dfb-4118-8ae4-9268ba156ba5
716458_2024-06-17_07-33-04,s3://aind-open-data/716458_2024-06-17_07-33-04,6ae0f44f-044d-4b9f-aa59-3e41b742e766
716458_2024-06-18_07-56-56,s3://aind-open-data/716458_2024-06-18_07-56-56,aaba1a9c-bb46-455d-a34f-b66c2860a949
716458_2024-06-19_09-58-28,s3://aind-open-data/716458_2024-06-19_09-58-28,dce2cfad-f212-45e7-914e-a4419cc97f2c
716458_2024-06-20_07-49-00,s3://aind-open-data/716458_2024-06-20_07-49-00,0e12968a-0f84-4347-9328-40f5c68f9b4a
716458_2024-06-21_07-38-27,s3://aind-open-data/716458_2024-06-21_07-38-27,ed93f658-6481-47b7-b118-8c87d7646558
716458_2024-06-24_06-43-11,s3://aind-open-data/716458_2024-06-24_06-43-11,72618737-8305-4179-bca6-049d757c0ac0
716458_2024-06-25_07-56-07,s3://aind-open-data/716458_2024-06-25_07-56-07,ab175ecd-b8ef-49c7-befe-b0148f96344a
716458_2024-06-26_08-20-24,s3://aind-open-data/716458_2024-06-26_08-20-24,22c09776-cc41-4714-a4e9-2a4cea41e128
716458_2024-06-27_08-07-16,s3://aind-open-data/716458_2024-06-27_08-07-16,cec9067f-51e0-4a0c-aec3-0464380a8710
716458_2024-06-28_08-34-45,s3://aind-open-data/716458_2024-06-28_08-34-45,74f0114f-1958-4404-98fb-7d20f96499a9
behavior_745301_2024-09-11_15-04-58,s3://aind-private-data-prod-o5171v/behavior_745301_2024-09-11_15-04-58,fd164afd-576e-4b0b-ab72-7c2892e9de6f
behavior_745301_2024-09-12_14-01-29,s3://aind-private-data-prod-o5171v/behavior_745301_2024-09-12_14-01-29,35052cf4-5fb5-457f-bfe0-eb62734a0d58
behavior_745301_2024-09-13_14-09-12,s3://aind-private-data-prod-o5171v/behavior_745301_2024-09-13_14-09-12,8d7692f2-a65e-45e7-b8e4-757cde103fae
behavior_745301_2024-09-16_12-43-46,s3://aind-private-data-prod-o5171v/behavior_745301_2024-09-16_12-43-46,894a2cd9-4593-4d93-b4e3-40ef8573b4fb
behavior_745301_2024-09-17_12-15-28,s3://aind-private-data-prod-o5171v/behavior_745301_2024-09-17_12-15-28,dd4f8bd2-e304-438e-a891-ea360d7cfc82
behavior_745301_2024-09-18_13-04-16,s3://aind-private-data-prod-o5171v/behavior_745301_2024-09-18_13-04-16,4f95f10a-af57-445c-a74d-d7593bafc3df
behavior_745301_2024-09-19_13-04-08,s3://aind-private-data-prod-o5171v/behavior_745301_2024-09-19_13-04-08,a68884fd-d1d5-4407-98d8-837625eeefed
behavior_745301_2024-09-20_13-39-51,s3://aind-private-data-prod-o5171v/behavior_745301_2024-09-20_13-39-51,928b61b3-a63d-4d78-81af-f1e5a4c18fbc
behavior_745301_2024-09-23_12-54-19,s3://aind-private-data-prod-o5171v/behavior_745301_2024-09-23_12-54-19,7de01ac9-1c7c-41bc-a896-cad17e425e33
behavior_745301_2024-09-24_13-01-15,s3://aind-private-data-prod-o5171v/behavior_745301_2024-09-24_13-01-15,ed67a55a-e8ea-40d4-8344-2fb26f2b2e45
behavior_745301_2024-09-25_12-54-26,s3://aind-private-data-prod-o5171v/behavior_745301_2024-09-25_12-54-26,1ab554f3-308e-4a13-9dcb-a35a56b4dfa8
behavior_745301_2024-09-26_13-05-52,s3://aind-private-data-prod-o5171v/behavior_745301_2024-09-26_13-05-52,0ae8a9df-8ff7-4ee0-ba1e-3581a402324e
behavior_745301_2024-09-27_12-26-02,s3://aind-private-data-prod-o5171v/behavior_745301_2024-09-27_12-26-02,7e949a6b-11fc-4d19-8098-025dd7a7b8e3
behavior_745301_2024-09-30_12-32-15,s3://aind-private-data-prod-o5171v/behavior_745301_2024-09-30_12-32-15,e96d6887-3dc7-447f-ab55-6eb04c13dc05
behavior_745301_2024-10-01_13-09-12,s3://aind-private-data-prod-o5171v/behavior_745301_2024-10-01_13-09-12,21fb2333-8c08-4c0a-97fe-79af87d37dcb
behavior_745301_2024-10-02_13-20-58,s3://aind-private-data-prod-o5171v/behavior_745301_2024-10-02_13-20-58,e0b4db5b-450b-4725-a3ee-a0b592825113
behavior_745301_2024-10-03_13-05-51,s3://aind-private-data-prod-o5171v/behavior_745301_2024-10-03_13-05-51,ef05362e-4d09-475b-98de-d5a711274520
behavior_745301_2024-10-04_12-52-37,s3://aind-private-data-prod-o5171v/behavior_745301_2024-10-04_12-52-37,f6b1f635-216a-4a45-897b-40892e4aaa55
behavior_745301_2024-10-07_13-07-52,s3://aind-private-data-prod-o5171v/behavior_745301_2024-10-07_13-07-52,f556efe8-4548-4250-b2f3-25b04942e67e
behavior_745301_2024-10-08_13-00-10,s3://aind-private-data-prod-o5171v/behavior_745301_2024-10-08_13-00-10,1609afb2-bc08-4613-8c17-4408adf1a0a1
behavior_745301_2024-10-09_13-15-03,s3://aind-private-data-prod-o5171v/behavior_745301_2024-10-09_13-15-03,235b6685-9eb5-42b4-8805-155763763777
behavior_745301_2024-10-10_13-27-15,s3://aind-private-data-prod-o5171v/behavior_745301_2024-10-10_13-27-15,baac65fd-5fc9-48db-ae3b-d4d9ca1ebf55
behavior_745301_2024-10-11_13-28-58,s3://aind-private-data-prod-o5171v/behavior_745301_2024-10-11_13-28-58,7a4f121d-a400-4f92-961b-0a53066eaf1a
behavior_745301_2024-10-14_13-22-13,s3://aind-private-data-prod-o5171v/behavior_745301_2024-10-14_13-22-13,b0f34fea-adf8-4e13-ae50-ba047d214380
behavior_745301_2024-10-15_13-12-18,s3://aind-private-data-prod-o5171v/behavior_745301_2024-10-15_13-12-18,0fa02956-3b22-4098-b385-50b358e44179
behavior_745301_2024-10-16_13-10-02,s3://aind-private-data-prod-o5171v/behavior_745301_2024-10-16_13-10-02,0c4edfbe-bae5-4a5b-9e0b-8236cef303ac
behavior_745301_2024-10-17_13-14-27,s3://aind-private-data-prod-o5171v/behavior_745301_2024-10-17_13-14-27,78acd1c0-6e55-4571-9403-d4c2636e7f0a
behavior_745301_2024-10-18_13-24-49,s3://aind-private-data-prod-o5171v/behavior_745301_2024-10-18_13-24-49,57ec050f-690b-4038-a16d-203bf62569ac
behavior_745301_2024-10-20_13-21-21,s3://aind-private-data-prod-o5171v/behavior_745301_2024-10-20_13-21-21,e7ac3854-8a64-487d-bb02-382c26a792aa
behavior_745301_2024-10-21_13-05-42,s3://aind-private-data-prod-o5171v/behavior_745301_2024-10-21_13-05-42,34bedfec-04ec-4d60-8cb7-cb7d332e0126
behavior_745301_2024-10-22_13-08-26,s3://aind-private-data-prod-o5171v/behavior_745301_2024-10-22_13-08-26,4ce6dc73-a60a-4743-b0bb-e611353ea56b
behavior_745301_2024-10-23_13-13-15,s3://aind-private-data-prod-o5171v/behavior_745301_2024-10-23_13-13-15,5eb935e8-a001-4a01-b212-5646a7bc5e0b
behavior_745301_2024-10-24_12-57-53,s3://aind-private-data-prod-o5171v/behavior_745301_2024-10-24_12-57-53,e72da2dd-73d3-4e6d-bdf0-e00c53915306
behavior_745301_2024-10-25_13-23-31,s3://aind-private-data-prod-o5171v/behavior_745301_2024-10-25_13-23-31,7e615eaa-677a-4f34-b579-33eefce0750a
behavior_745301_2024-10-26_12-39-09,s3://aind-private-data-prod-o5171v/behavior_745301_2024-10-26_12-39-09,4a69cfb7-aef7-428d-95ce-5809d711d7bf
behavior_745301_2024-10-27_12-53-35,s3://aind-private-data-prod-o5171v/behavior_745301_2024-10-27_12-53-35,9c9a9277-5761-45b8-b87b-d6ffb47a27cb
behavior_745301_2024-10-28_13-20-01,s3://aind-private-data-prod-o5171v/behavior_745301_2024-10-28_13-20-01,1e7db1d0-c9eb-444e-b220-d9c05fb21da1
behavior_745301_2024-10-29_13-03-25,s3://aind-private-data-prod-o5171v/behavior_745301_2024-10-29_13-03-25,8f4a76e7-546f-452a-afd0-579f534f12e5
behavior_745301_2024-10-30_13-22-11,s3://aind-private-data-prod-o5171v/behavior_745301_2024-10-30_13-22-11,df45e64d-ecf7-404f-b30f-f202bde5f380
behavior_745301_2024-11-05_13-11-07,s3://aind-private-data-prod-o5171v/behavior_745301_2024-11-05_13-11-07,4e82d05c-91a5-4679-b606-8bdb37ee79c7
behavior_745301_2024-11-06_13-38-55,s3://aind-private-data-prod-o5171v/behavior_745301_2024-11-06_13-38-55,5f3f86a9-1e54-4a2c-bc13-521d1b8d631a
behavior_745301_2024-11-07_13-15-49,s3://aind-private-data-prod-o5171v/behavior_745301_2024-11-07_13-15-49,ea05c066-e7e7-41ce-b641-00669786dbaf
behavior_745301_2024-11-08_13-29-25,s3://aind-private-data-prod-o5171v/behavior_745301_2024-11-08_13-29-25,f6ebc7b5-3352-43e1-a402-47a158dd79ff
behavior_745301_2024-11-11_13-10-40,s3://aind-private-data-prod-o5171v/behavior_745301_2024-11-11_13-10-40,0f163211-b1bb-451e-bc9a-7fb0bb7d5cd5
behavior_745301_2024-11-12_13-12-55,s3://aind-private-data-prod-o5171v/behavior_745301_2024-11-12_13-12-55,6bc33657-bbd2-424f-9e73-45dba17a1904
behavior_745301_2024-11-13_13-09-40,s3://aind-private-data-prod-o5171v/behavior_745301_2024-11-13_13-09-40,6c883ffb-6062-4ea9-8594-ab9f843706b0
behavior_745301_2024-11-14_13-12-21,s3://aind-private-data-prod-o5171v/behavior_745301_2024-11-14_13-12-21,9a69a543-2045-4ef1-94dd-46432bf7105c
behavior_745301_2024-11-15_13-28-49,s3://aind-private-data-prod-o5171v/behavior_745301_2024-11-15_13-28-49,f8820df9-c22c-4102-8a6a-0f7184585723
behavior_745301_2024-11-18_13-00-00,s3://aind-private-data-prod-o5171v/behavior_745301_2024-11-18_13-00-00,ee7eaed5-3593-4f87-9655-75d88dd8af85
behavior_745301_2024-11-19_13-48-35,s3://aind-private-data-prod-o5171v/behavior_745301_2024-11-19_13-48-35,ea928b6c-5af1-44e5-878f-71b3eb09fb85
behavior_745301_2024-11-21_13-02-56,s3://aind-private-data-prod-o5171v/behavior_745301_2024-11-21_13-02-56,86a4feb1-f413-4667-80de-c517dcf07385
behavior_745301_2024-11-22_13-28-42,s3://aind-private-data-prod-o5171v/behavior_745301_2024-11-22_13-28-42,45681d63-6ee2-4a72-abee-c074ad53001a
behavior_745301_2024-11-23_13-11-08,s3://aind-private-data-prod-o5171v/behavior_745301_2024-11-23_13-11-08,074ffab8-137a-4db2-a4cb-2ebc6177dfb9
behavior_745301_2024-11-25_13-11-49,s3://aind-private-data-prod-o5171v/behavior_745301_2024-11-25_13-11-49,24cafa80-7e16-4754-84c8-6603a5852d30
behavior_745301_2024-11-26_13-12-08,s3://aind-private-data-prod-o5171v/behavior_745301_2024-11-26_13-12-08,0bb53b43-4cc9-4523-8097-5d8648abe3b3
behavior_745301_2024-11-27_13-48-44,s3://aind-private-data-prod-o5171v/behavior_745301_2024-11-27_13-48-44,3bd89b0e-3258-41a1-a6c1-43be4509ad21
behavior_745301_2024-11-29_13-10-03,s3://aind-private-data-prod-o5171v/behavior_745301_2024-11-29_13-10-03,e379b63a-3d0d-4d35-a101-453180169fff
behavior_745301_2024-11-30_13-16-06,s3://aind-private-data-prod-o5171v/behavior_745301_2024-11-30_13-16-06,fc4ff095-f8c0-4617-96a1-b6d541115615
behavior_745301_2024-12-02_13-15-04,s3://aind-private-data-prod-o5171v/behavior_745301_2024-12-02_13-15-04,c651ea1c-da1d-4971-b8e9-561cf1da89cf
behavior_745301_2024-12-03_13-02-20,s3://aind-private-data-prod-o5171v/behavior_745301_2024-12-03_13-02-20,66d1b062-f368-407a-a245-9f02ab72650e
behavior_745301_2024-12-04_13-06-37,s3://aind-private-data-prod-o5171v/behavior_745301_2024-12-04_13-06-37,da3a9502-ea2b-4681-a85b-4a2dcc826f8c
behavior_745301_2024-12-05_13-10-03,s3://aind-private-data-prod-o5171v/behavior_745301_2024-12-05_13-10-03,c39a4881-3ec8-4b77-9115-849c1a999f59
behavior_745301_2024-12-06_13-19-11,s3://aind-private-data-prod-o5171v/behavior_745301_2024-12-06_13-19-11,b4e7de23-1cae-43ad-965a-3d6912ac0cbf
behavior_745301_2024-12-07_14-02-23,s3://aind-private-data-prod-o5171v/behavior_745301_2024-12-07_14-02-23,fa07ab7a-2ae1-40b8-9d58-a1879f9d6bd3
behavior_745302_2024-08-26_11-26-22,s3://aind-private-data-prod-o5171v/behavior_745302_2024-08-26_11-26-22,cb41de4e-2403-4ad2-8213-1d6432fa3f23
behavior_745302_2024-08-27_10-53-26,s3://aind-private-data-prod-o5171v/behavior_745302_2024-08-27_10-53-26,ab410ab0-73f4-41d8-b8be-4bff614dba38
behavior_745302_2024-08-28_11-39-03,s3://aind-private-data-prod-o5171v/behavior_745302_2024-08-28_11-39-03,472a47e4-4d18-40e7-a8de-5345b3c68b3d
behavior_745302_2024-08-29_11-03-04,s3://aind-private-data-prod-o5171v/behavior_745302_2024-08-29_11-03-04,c778a608-d159-4fc7-86b7-ff5b88962a98
behavior_745302_2024-08-30_10-47-48,s3://aind-private-data-prod-o5171v/behavior_745302_2024-08-30_10-47-48,2c01364a-9ca6-4c34-890f-20f39b6241de
behavior_745302_2024-09-03_11-41-59,s3://aind-private-data-prod-o5171v/behavior_745302_2024-09-03_11-41-59,20068c18-6101-4f4c-b5bf-8f1af4d657e9
behavior_745302_2024-09-04_12-27-13,s3://aind-private-data-prod-o5171v/behavior_745302_2024-09-04_12-27-13,45e09ced-6460-4b31-9130-d2d96af57055
behavior_745302_2024-09-05_11-46-42,s3://aind-private-data-prod-o5171v/behavior_745302_2024-09-05_11-46-42,2bafba21-2e38-4b91-8d13-91aab9fdd578
behavior_745302_2024-09-06_11-06-18,s3://aind-private-data-prod-o5171v/behavior_745302_2024-09-06_11-06-18,d3988ce8-d35b-4ad8-93b6-991305aa1bab
behavior_745302_2024-09-11_13-32-54,s3://aind-private-data-prod-o5171v/behavior_745302_2024-09-11_13-32-54,3dc77e8f-150a-401e-ad9d-88d10ecbd4e9
behavior_745302_2024-09-12_11-08-11,s3://aind-private-data-prod-o5171v/behavior_745302_2024-09-12_11-08-11,705fc227-4feb-40e2-9e94-9eaf8c0c16c4
behavior_745302_2024-09-13_11-18-33,s3://aind-private-data-prod-o5171v/behavior_745302_2024-09-13_11-18-33,a4f9a9c7-cbad-4924-884f-5cb5a35b5f7d
behavior_745302_2024-09-16_11-23-45,s3://aind-private-data-prod-o5171v/behavior_745302_2024-09-16_11-23-45,f3463c4c-5764-498d-948b-c4b12b7c3753
behavior_745302_2024-09-17_11-15-36,s3://aind-private-data-prod-o5171v/behavior_745302_2024-09-17_11-15-36,c87ebd9a-4411-463b-9b06-3f5705ce3880
behavior_745302_2024-09-18_11-47-29,s3://aind-private-data-prod-o5171v/behavior_745302_2024-09-18_11-47-29,90f0ffc1-0bef-4129-bb5c-240f7e08c11a
behavior_745302_2024-09-19_11-01-29,s3://aind-private-data-prod-o5171v/behavior_745302_2024-09-19_11-01-29,00f347ae-0d73-415b-9277-bd941905bc49
behavior_745302_2024-09-20_11-02-15,s3://aind-private-data-prod-o5171v/behavior_745302_2024-09-20_11-02-15,4bf837c2-1de4-409e-9cd7-8b91e1eaa00b
behavior_745302_2024-09-23_10-50-13,s3://aind-private-data-prod-o5171v/behavior_745302_2024-09-23_10-50-13,bb3c4b40-2255-4f4f-8faa-504246b00229
behavior_745302_2024-09-24_11-21-02,s3://aind-private-data-prod-o5171v/behavior_745302_2024-09-24_11-21-02,d297e0a9-641d-4ac3-8308-baa025f7a62d
behavior_745302_2024-09-25_11-09-24,s3://aind-private-data-prod-o5171v/behavior_745302_2024-09-25_11-09-24,35e0e2d9-eee6-45c1-9aa2-1675c76c645d
behavior_745302_2024-09-26_10-52-11,s3://aind-private-data-prod-o5171v/behavior_745302_2024-09-26_10-52-11,4d980a12-24b0-421b-aece-5d4bde31e443
behavior_745302_2024-09-27_11-14-47,s3://aind-private-data-prod-o5171v/behavior_745302_2024-09-27_11-14-47,1b667733-aaca-4fca-bb50-c16c4f229388
behavior_745302_2024-09-30_10-43-35,s3://aind-private-data-prod-o5171v/behavior_745302_2024-09-30_10-43-35,60c7083e-5f18-4c22-a0b4-3c35a5f9a8b3
behavior_745302_2024-10-01_10-45-29,s3://aind-private-data-prod-o5171v/behavior_745302_2024-10-01_10-45-29,d4f00b6b-32c4-49f3-b277-52665fb2ad5d
behavior_745302_2024-10-02_11-15-56,s3://aind-private-data-prod-o5171v/behavior_745302_2024-10-02_11-15-56,93386c02-69a1-491f-a2db-9771ab557a22
behavior_745302_2024-10-03_11-21-59,s3://aind-private-data-prod-o5171v/behavior_745302_2024-10-03_11-21-59,8a366d1b-6ee7-434a-9b6b-ae309bf93206
behavior_745302_2024-10-04_11-06-07,s3://aind-private-data-prod-o5171v/behavior_745302_2024-10-04_11-06-07,a4b40132-f61e-46e0-a339-1044cc8f74ea
behavior_745302_2024-10-07_11-20-02,s3://aind-private-data-prod-o5171v/behavior_745302_2024-10-07_11-20-02,b8ea7759-595d-4d6b-9e56-9e70464dda56
behavior_745302_2024-10-08_11-10-49,s3://aind-private-data-prod-o5171v/behavior_745302_2024-10-08_11-10-49,556a93f5-1527-4d08-8ec5-eb1ad9d07d09
behavior_745302_2024-10-09_11-18-39,s3://aind-private-data-prod-o5171v/behavior_745302_2024-10-09_11-18-39,c18010ae-fa73-411d-99a1-2b2926b6a429
behavior_745302_2024-10-10_11-16-42,s3://aind-private-data-prod-o5171v/behavior_745302_2024-10-10_11-16-42,8c50ff0f-e370-414a-80ca-f9942a07cd21
behavior_745302_2024-10-11_11-25-20,s3://aind-private-data-prod-o5171v/behavior_745302_2024-10-11_11-25-20,9c829ec0-5037-45ab-81a0-3076a7cef03a
behavior_745302_2024-10-14_11-23-20,s3://aind-private-data-prod-o5171v/behavior_745302_2024-10-14_11-23-20,3aace646-3aea-4e79-a19f-ca8120fcf944
behavior_745302_2024-10-15_11-08-34,s3://aind-private-data-prod-o5171v/behavior_745302_2024-10-15_11-08-34,8c433089-983f-45f2-97c6-673cc7afd246
behavior_745302_2024-10-16_11-12-48,s3://aind-private-data-prod-o5171v/behavior_745302_2024-10-16_11-12-48,65487d3a-46de-4250-8ea5-73f3cc6b7ad0
behavior_745302_2024-10-17_11-34-37,s3://aind-private-data-prod-o5171v/behavior_745302_2024-10-17_11-34-37,25c5cd5d-e17d-4cb5-ab08-085c2fb7e33e
behavior_745302_2024-10-18_18-16-38,s3://aind-open-data/behavior_745302_2024-10-18_18-16-38,cdd9d823-0db1-41a8-9222-0cd2e4a892ab
behavior_745302_2024-10-20_12-06-46,s3://aind-private-data-prod-o5171v/behavior_745302_2024-10-20_12-06-46,f662cdc6-fadd-4805-aaaa-86052c6757c5
behavior_745302_2024-10-21_11-32-14,s3://aind-private-data-prod-o5171v/behavior_745302_2024-10-21_11-32-14,3e1dfee9-19bf-4800-85ce-44651210da1e
behavior_745302_2024-10-22_11-10-40,s3://aind-private-data-prod-o5171v/behavior_745302_2024-10-22_11-10-40,1da022ed-a410-4f79-a663-f68169f8ffde
behavior_745302_2024-10-23_11-00-12,s3://aind-private-data-prod-o5171v/behavior_745302_2024-10-23_11-00-12,0db57890-723b-4a57-a95b-66613593f24a
behavior_745302_2024-10-24_11-03-12,s3://aind-private-data-prod-o5171v/behavior_745302_2024-10-24_11-03-12,52b7506b-98a8-48ad-9556-8f09fc954020
behavior_745302_2024-10-25_11-38-04,s3://aind-private-data-prod-o5171v/behavior_745302_2024-10-25_11-38-04,99cbd038-c5c1-4aee-8a10-91e386a39cd5
behavior_745302_2024-10-26_11-14-58,s3://aind-private-data-prod-o5171v/behavior_745302_2024-10-26_11-14-58,3a0bd873-0ca3-466b-bfcb-e0641e5fbba4
behavior_745302_2024-10-27_11-42-38,s3://aind-private-data-prod-o5171v/behavior_745302_2024-10-27_11-42-38,48fe8e3b-8a3c-469e-9354-60dd33279dec
behavior_745302_2024-10-28_10-51-06,s3://aind-private-data-prod-o5171v/behavior_745302_2024-10-28_10-51-06,dc365142-e895-4a77-a720-0d2a9db2714b
behavior_745302_2024-10-29_11-01-53,s3://aind-private-data-prod-o5171v/behavior_745302_2024-10-29_11-01-53,b8fb5069-637c-44a1-b0b1-4b834db10f2b
behavior_745302_2024-10-30_10-50-38,s3://aind-private-data-prod-o5171v/behavior_745302_2024-10-30_10-50-38,b4e4a296-9f0c-4c6f-a255-46fa4f8ed138
behavior_745302_2024-11-05_10-59-27,s3://aind-private-data-prod-o5171v/behavior_745302_2024-11-05_10-59-27,586ff848-e73b-4b0c-9f68-784a9c6b2310
behavior_745302_2024-11-06_11-14-22,s3://aind-private-data-prod-o5171v/behavior_745302_2024-11-06_11-14-22,c3abc570-36a2-4609-af9d-a82ae4fd2672
behavior_745302_2024-11-07_10-57-47,s3://aind-private-data-prod-o5171v/behavior_745302_2024-11-07_10-57-47,7b3048b2-d7e6-4fef-b702-77b7790783e0
behavior_745302_2024-11-08_10-52-57,s3://aind-private-data-prod-o5171v/behavior_745302_2024-11-08_10-52-57,9e37eb4d-0720-4fef-93a8-dc523501b1e3
behavior_745302_2024-11-11_10-47-07,s3://aind-private-data-prod-o5171v/behavior_745302_2024-11-11_10-47-07,6aadc250-26fd-44ea-b2e5-d71918ab7850
behavior_745302_2024-11-12_11-42-33,s3://aind-private-data-prod-o5171v/behavior_745302_2024-11-12_11-42-33,8693bf52-0247-428e-a5fc-f01b4d788d7e
behavior_745302_2024-11-13_11-02-50,s3://aind-private-data-prod-o5171v/behavior_745302_2024-11-13_11-02-50,510285ec-c60e-46a5-9252-0f6ab5a840d9
behavior_745302_2024-11-14_11-16-19,s3://aind-private-data-prod-o5171v/behavior_745302_2024-11-14_11-16-19,24af5dda-9b95-4ea5-813a-93ee62468ede
behavior_745302_2024-11-15_10-57-49,s3://aind-private-data-prod-o5171v/behavior_745302_2024-11-15_10-57-49,b37df171-ab81-41c2-81b2-04dc77faf55a
behavior_745302_2024-11-18_11-07-11,s3://aind-private-data-prod-o5171v/behavior_745302_2024-11-18_11-07-11,425db694-6c23-4bfa-90a9-fe354f92f848
behavior_745302_2024-11-19_10-50-53,s3://aind-private-data-prod-o5171v/behavior_745302_2024-11-19_10-50-53,d33999db-ea99-404a-bcca-5af139cac361
behavior_745302_2024-11-20_11-05-48,s3://aind-private-data-prod-o5171v/behavior_745302_2024-11-20_11-05-48,ac2653af-edd5-4f45-aca0-7280f18adf62
behavior_745302_2024-11-21_10-54-44,s3://aind-private-data-prod-o5171v/behavior_745302_2024-11-21_10-54-44,bc5d8060-f393-4a47-92ad-150a5c56f46a
behavior_745302_2024-11-22_11-33-29,s3://aind-private-data-prod-o5171v/behavior_745302_2024-11-22_11-33-29,3601e688-5e6b-46b7-8510-b34effa8be47
behavior_745302_2024-11-23_12-09-04,s3://aind-private-data-prod-o5171v/behavior_745302_2024-11-23_12-09-04,4975fa00-e3fb-4572-bf88-612682f6d510
behavior_745302_2024-11-25_11-14-25,s3://aind-private-data-prod-o5171v/behavior_745302_2024-11-25_11-14-25,5ba0ce0e-e64a-4a7e-a236-6028304e91ca
behavior_745302_2024-11-26_11-29-58,s3://aind-private-data-prod-o5171v/behavior_745302_2024-11-26_11-29-58,d12f1135-5fc3-48af-90e8-f1aa8ddc6dfa
behavior_745302_2024-11-27_11-28-37,s3://aind-private-data-prod-o5171v/behavior_745302_2024-11-27_11-28-37,309a6fe4-783b-49a2-a101-b5b006d00328
behavior_745302_2024-11-29_11-46-38,s3://aind-private-data-prod-o5171v/behavior_745302_2024-11-29_11-46-38,e3da0ee9-d18d-4349-bab1-c12914023f78
behavior_745302_2024-11-30_11-51-25,s3://aind-private-data-prod-o5171v/behavior_745302_2024-11-30_11-51-25,18250d85-64a6-4de4-af6c-effa1acd168c
behavior_745302_2024-12-02_11-46-55,s3://aind-private-data-prod-o5171v/behavior_745302_2024-12-02_11-46-55,387b1352-7295-429c-ba31-c92c0336a671
behavior_745302_2024-12-03_11-30-57,s3://aind-private-data-prod-o5171v/behavior_745302_2024-12-03_11-30-57,ac7cd9fd-d7e8-4f34-a0b7-12e3f4bbcdba
behavior_745302_2024-12-04_11-12-21,s3://aind-private-data-prod-o5171v/behavior_745302_2024-12-04_11-12-21,46e6a334-2fb7-43d7-a9bf-60d890eb6046
behavior_745302_2024-12-05_11-15-03,s3://aind-private-data-prod-o5171v/behavior_745302_2024-12-05_11-15-03,dd62e814-7314-40e7-9be6-3ae78d1a49a5
behavior_745302_2024-12-06_11-21-20,s3://aind-private-data-prod-o5171v/behavior_745302_2024-12-06_11-21-20,2f2f49f0-077e-4a91-95ce-58172c658bbd
behavior_745302_2024-12-07_12-31-05,s3://aind-private-data-prod-o5171v/behavior_745302_2024-12-07_12-31-05,4417b2c2-4ce0-4971-9eab-34ad0f11eb41
behavior_745302_2024-12-09_11-35-08,s3://aind-private-data-prod-o5171v/behavior_745302_2024-12-09_11-35-08,0fefcc09-7b10-4985-90b9-cfdfa67d4c82
behavior_745302_2024-12-10_11-23-15,s3://aind-private-data-prod-o5171v/behavior_745302_2024-12-10_11-23-15,234d6865-586c-4ac2-83a1-7646d5ce5b63
behavior_745302_2024-12-11_11-41-38,s3://aind-private-data-prod-o5171v/behavior_745302_2024-12-11_11-41-38,41de6cb0-ff4a-42c5-b6dd-e69bcc2def1d
behavior_745302_2024-12-12_11-00-34,s3://aind-private-data-prod-o5171v/behavior_745302_2024-12-12_11-00-34,b4ba2fdc-b699-4cce-bc3d-01025320dfed
behavior_745302_2024-12-13_11-26-07,s3://aind-private-data-prod-o5171v/behavior_745302_2024-12-13_11-26-07,2aac30d3-4b5a-4b5a-be9b-1bd314a68e32
behavior_745302_2024-12-16_11-30-39,s3://aind-private-data-prod-o5171v/behavior_745302_2024-12-16_11-30-39,00e52637-0c79-4de8-b236-89c0857585cb
behavior_745302_2024-12-17_11-02-56,s3://aind-private-data-prod-o5171v/behavior_745302_2024-12-17_11-02-56,c2e16b71-9d04-4e67-8dfb-6c3210661001
behavior_745302_2024-12-18_10-45-18,s3://aind-private-data-prod-o5171v/behavior_745302_2024-12-18_10-45-18,af212770-04f0-49fe-84fc-e015b3342ac0
behavior_745305_2024-09-03_11-54-41,s3://aind-private-data-prod-o5171v/behavior_745305_2024-09-03_11-54-41,c9094536-fcd3-4c41-9776-bf4f60aff4cf
behavior_745305_2024-09-04_11-50-39,s3://aind-private-data-prod-o5171v/behavior_745305_2024-09-04_11-50-39,a7155937-269b-4753-80f4-90117a290644
behavior_745305_2024-09-05_11-36-37,s3://aind-private-data-prod-o5171v/behavior_745305_2024-09-05_11-36-37,fb256937-fb7a-4ce0-ac5d-a53793ae6e80
behavior_745305_2024-09-06_11-03-28,s3://aind-private-data-prod-o5171v/behavior_745305_2024-09-06_11-03-28,3feca7f3-76de-4472-84c0-e73ab9b8bc45
behavior_745305_2024-09-11_13-19-43,s3://aind-private-data-prod-o5171v/behavior_745305_2024-09-11_13-19-43,904b9a31-6421-442d-bb15-198df566d1d5
behavior_745305_2024-09-12_11-02-08,s3://aind-private-data-prod-o5171v/behavior_745305_2024-09-12_11-02-08,c9ebd965-f476-46a3-bab6-09529c75d9ef
behavior_745305_2024-09-13_11-13-51,s3://aind-private-data-prod-o5171v/behavior_745305_2024-09-13_11-13-51,bd71ebca-8108-434e-ac88-aa9c0ddbf4db
behavior_745305_2024-09-16_11-15-38,s3://aind-private-data-prod-o5171v/behavior_745305_2024-09-16_11-15-38,70b264d2-01b0-4ab1-bab8-5a6c16f7fd21
behavior_745305_2024-09-17_11-07-50,s3://aind-private-data-prod-o5171v/behavior_745305_2024-09-17_11-07-50,d913fcf2-cb1a-4c51-ae33-fb7752c4e292
behavior_745305_2024-09-18_11-44-46,s3://aind-private-data-prod-o5171v/behavior_745305_2024-09-18_11-44-46,b4a7a2f4-12c8-4395-8fff-0d8c79a24e90
behavior_745305_2024-09-19_11-10-02,s3://aind-private-data-prod-o5171v/behavior_745305_2024-09-19_11-10-02,986b5026-78e2-4f94-b4ea-c98dbaef790c
behavior_745305_2024-09-20_10-50-30,s3://aind-private-data-prod-o5171v/behavior_745305_2024-09-20_10-50-30,43a5d28e-9387-436a-b6a8-e85fc7e0996d
behavior_745305_2024-09-23_10-47-47,s3://aind-private-data-prod-o5171v/behavior_745305_2024-09-23_10-47-47,85d33902-cd87-4467-b34e-d160c8242e90
behavior_745305_2024-09-24_11-05-19,s3://aind-private-data-prod-o5171v/behavior_745305_2024-09-24_11-05-19,fdbdfcaa-7bc0-4803-aeef-ddd676c8fbc4
behavior_745305_2024-09-25_11-07-13,s3://aind-private-data-prod-o5171v/behavior_745305_2024-09-25_11-07-13,7d47bec6-6ea2-4c46-96f0-b398f049279c
behavior_745305_2024-09-26_10-51-06,s3://aind-private-data-prod-o5171v/behavior_745305_2024-09-26_10-51-06,b7da64b2-524d-410b-a618-0a0fc0c9c675
behavior_745305_2024-09-27_10-47-35,s3://aind-private-data-prod-o5171v/behavior_745305_2024-09-27_10-47-35,14e35091-ec15-4a41-a766-32105e1bf227
behavior_745305_2024-09-30_10-42-57,s3://aind-private-data-prod-o5171v/behavior_745305_2024-09-30_10-42-57,e0509e98-083d-4538-be4a-400f8b832d51
behavior_745305_2024-10-01_10-44-28,s3://aind-private-data-prod-o5171v/behavior_745305_2024-10-01_10-44-28,961af421-c243-4a5b-b2cb-0bfe7302b4de
behavior_745305_2024-10-02_11-15-07,s3://aind-private-data-prod-o5171v/behavior_745305_2024-10-02_11-15-07,d842e678-782f-4d70-88b2-c53ec7abdb91
behavior_745305_2024-10-03_11-20-33,s3://aind-private-data-prod-o5171v/behavior_745305_2024-10-03_11-20-33,c7bbc934-72e6-41a3-948b-04f95e3bf883
behavior_745305_2024-10-04_11-04-41,s3://aind-private-data-prod-o5171v/behavior_745305_2024-10-04_11-04-41,bb2df353-106b-4666-9fe2-2e58e0112120
behavior_745305_2024-10-07_11-19-31,s3://aind-private-data-prod-o5171v/behavior_745305_2024-10-07_11-19-31,f34d8ee7-9d25-4311-a5f0-0d22598c10f4
behavior_745305_2024-10-08_11-10-00,s3://aind-private-data-prod-o5171v/behavior_745305_2024-10-08_11-10-00,c2cbaf9d-baf6-4162-aa45-aa0cb13f343e
behavior_745305_2024-10-09_11-17-57,s3://aind-private-data-prod-o5171v/behavior_745305_2024-10-09_11-17-57,f04cc8d3-7e42-42b6-8002-bf5978f0261f
behavior_745305_2024-10-10_11-05-16,s3://aind-private-data-prod-o5171v/behavior_745305_2024-10-10_11-05-16,7723b9b2-6bbf-4a0f-b886-5907c79fece3
behavior_745305_2024-10-11_11-33-32,s3://aind-private-data-prod-o5171v/behavior_745305_2024-10-11_11-33-32,d2d20507-9b5c-4698-b4bb-faece0eccce5
behavior_745305_2024-10-14_11-09-59,s3://aind-private-data-prod-o5171v/behavior_745305_2024-10-14_11-09-59,e3d6f3f3-ba8f-40fd-99be-c198bbfa00a0
behavior_745305_2024-10-15_11-08-19,s3://aind-private-data-prod-o5171v/behavior_745305_2024-10-15_11-08-19,0ec61996-08a4-4f3b-b8c9-6f7830330444
behavior_745305_2024-10-16_11-12-19,s3://aind-private-data-prod-o5171v/behavior_745305_2024-10-16_11-12-19,b7a19f5a-c52c-4259-8965-06d087359068
behavior_745305_2024-10-17_11-15-27,s3://aind-private-data-prod-o5171v/behavior_745305_2024-10-17_11-15-27,c23ee049-a734-4725-b06c-a7a02d0ac962
behavior_745305_2024-10-18_11-38-13,s3://aind-private-data-prod-o5171v/behavior_745305_2024-10-18_11-38-13,62151fac-3f2c-4917-846a-2b47ab607aaa
behavior_745305_2024-10-20_12-07-19,s3://aind-private-data-prod-o5171v/behavior_745305_2024-10-20_12-07-19,d02c7021-41c7-41c3-826b-04b7317685c8
behavior_745305_2024-10-21_11-16-32,s3://aind-private-data-prod-o5171v/behavior_745305_2024-10-21_11-16-32,22203676-2b5a-42d2-97b7-b4665525061e
behavior_745305_2024-10-22_11-09-45,s3://aind-private-data-prod-o5171v/behavior_745305_2024-10-22_11-09-45,79715bc3-8884-4954-99c6-43a518e17617
behavior_745305_2024-10-23_10-59-52,s3://aind-private-data-prod-o5171v/behavior_745305_2024-10-23_10-59-52,527b0fea-54bd-4edf-8290-7a86d8472525
behavior_745305_2024-10-24_10-43-57,s3://aind-private-data-prod-o5171v/behavior_745305_2024-10-24_10-43-57,ebfafc76-0337-4b8c-9c57-d26cae568106
behavior_745305_2024-10-25_10-38-21,s3://aind-private-data-prod-o5171v/behavior_745305_2024-10-25_10-38-21,da1afdf8-58e2-47ce-96a5-4d5769204d16
behavior_745305_2024-10-26_11-14-32,s3://aind-private-data-prod-o5171v/behavior_745305_2024-10-26_11-14-32,728b6723-cd54-46b3-b8ef-f6f76f6bca1e
behavior_745305_2024-10-27_11-42-27,s3://aind-private-data-prod-o5171v/behavior_745305_2024-10-27_11-42-27,e90cbe17-9eb8-4592-94ab-64854d5ffb9a
behavior_745305_2024-10-28_10-50-09,s3://aind-private-data-prod-o5171v/behavior_745305_2024-10-28_10-50-09,14d34dea-6e6f-4fed-b51a-cad27cc35963
behavior_745305_2024-10-29_11-00-31,s3://aind-private-data-prod-o5171v/behavior_745305_2024-10-29_11-00-31,35c9ab19-cc0f-48f6-a0ec-7cd69acf9e46
behavior_745305_2024-10-30_10-53-09,s3://aind-private-data-prod-o5171v/behavior_745305_2024-10-30_10-53-09,273f15f7-017a-4a58-9f28-bafa27bc3699
behavior_745305_2024-11-05_10-58-07,s3://aind-private-data-prod-o5171v/behavior_745305_2024-11-05_10-58-07,fe85b49d-689c-403c-bef9-ff0947ad5ff9
behavior_745305_2024-11-06_11-13-49,s3://aind-private-data-prod-o5171v/behavior_745305_2024-11-06_11-13-49,705d73bf-fd0a-4814-9e57-2235b423034c
behavior_745305_2024-11-07_18-57-26,s3://aind-open-data/behavior_745305_2024-11-07_18-57-26,1894c16f-6301-4de3-be05-4df2f8d86a02
behavior_745305_2024-11-08_10-36-50,s3://aind-private-data-prod-o5171v/behavior_745305_2024-11-08_10-36-50,f350ada6-2412-43a2-8aa0-aefcc70f0f5d
behavior_745305_2024-11-11_10-46-39,s3://aind-private-data-prod-o5171v/behavior_745305_2024-11-11_10-46-39,e6063877-df59-436b-aa9f-d15d15b32c0d
behavior_745305_2024-11-12_11-39-10,s3://aind-private-data-prod-o5171v/behavior_745305_2024-11-12_11-39-10,f0b76944-505a-41ee-973e-0b41c6d0bfac
behavior_745305_2024-11-13_11-19-57,s3://aind-private-data-prod-o5171v/behavior_745305_2024-11-13_11-19-57,bfc58c17-a643-4b8c-b545-19c41b5f8dc7
behavior_745305_2024-11-14_11-15-24,s3://aind-private-data-prod-o5171v/behavior_745305_2024-11-14_11-15-24,16c0a957-84af-4fda-a8a5-18f37911f469
behavior_745305_2024-11-15_10-57-07,s3://aind-private-data-prod-o5171v/behavior_745305_2024-11-15_10-57-07,d01082ab-fe4c-4252-89c2-da1cb09e26fa
behavior_745305_2024-11-18_11-13-50,s3://aind-private-data-prod-o5171v/behavior_745305_2024-11-18_11-13-50,71f79c85-4a86-428e-894b-df06b59c35ae
behavior_745305_2024-11-19_11-00-31,s3://aind-private-data-prod-o5171v/behavior_745305_2024-11-19_11-00-31,97902d83-4677-4cfc-8f9b-43467c9f4950
behavior_745305_2024-11-20_11-05-12,s3://aind-private-data-prod-o5171v/behavior_745305_2024-11-20_11-05-12,8a1cad8b-5bf8-44c3-b753-246b9b4a61e9
behavior_745305_2024-11-21_10-54-56,s3://aind-private-data-prod-o5171v/behavior_745305_2024-11-21_10-54-56,7966b6f0-73e9-470b-a154-2074bd58f795
behavior_745305_2024-11-22_11-22-21,s3://aind-private-data-prod-o5171v/behavior_745305_2024-11-22_11-22-21,7f34d95d-8ec8-4c72-9d07-b162d46ddd7a
behavior_745305_2024-11-23_11-54-09,s3://aind-private-data-prod-o5171v/behavior_745305_2024-11-23_11-54-09,7eade599-3171-4a03-a02a-98181a5ae287
behavior_745305_2024-11-25_11-14-05,s3://aind-private-data-prod-o5171v/behavior_745305_2024-11-25_11-14-05,b77e2e05-6206-4844-872e-4f1967526960
behavior_745305_2024-11-26_11-41-22,s3://aind-private-data-prod-o5171v/behavior_745305_2024-11-26_11-41-22,2b99b8c0-d301-4b38-9d60-5cd88f6f7a0a
behavior_745305_2024-11-27_11-13-53,s3://aind-private-data-prod-o5171v/behavior_745305_2024-11-27_11-13-53,0117ea03-a971-4019-803f-cf28ffddf855
behavior_745305_2024-11-29_11-47-37,s3://aind-private-data-prod-o5171v/behavior_745305_2024-11-29_11-47-37,eebd7e9f-0551-4820-bf1d-1ae6c6084fde
behavior_745305_2024-11-30_12-01-25,s3://aind-private-data-prod-o5171v/behavior_745305_2024-11-30_12-01-25,a5aa18a8-d9c2-46d3-86b8-73c1e3862eff
behavior_745305_2024-12-02_11-47-20,s3://aind-private-data-prod-o5171v/behavior_745305_2024-12-02_11-47-20,363add7d-7491-4c22-8e14-1e3d4a4f7bbf
behavior_745305_2024-12-03_11-12-39,s3://aind-private-data-prod-o5171v/behavior_745305_2024-12-03_11-12-39,5f72e9c5-ac5b-4b78-8102-23824222fb28
behavior_745305_2024-12-04_11-09-04,s3://aind-private-data-prod-o5171v/behavior_745305_2024-12-04_11-09-04,278698b6-1956-411b-ad26-55c915a382e0
behavior_745305_2024-12-05_11-14-29,s3://aind-private-data-prod-o5171v/behavior_745305_2024-12-05_11-14-29,5066a344-df00-42f2-9e7f-68a1b5adf4dd
behavior_745305_2024-12-06_11-25-45,s3://aind-private-data-prod-o5171v/behavior_745305_2024-12-06_11-25-45,fec5fcac-1350-4df8-882e-a23d6cc1d215
behavior_745305_2024-12-07_12-31-32,s3://aind-private-data-prod-o5171v/behavior_745305_2024-12-07_12-31-32,70b06eec-04de-42e2-a9f4-7364c8293e36
behavior_745305_2024-12-09_11-34-42,s3://aind-private-data-prod-o5171v/behavior_745305_2024-12-09_11-34-42,4d399374-889f-41f5-868e-2448108a7915
behavior_745305_2024-12-10_11-22-54,s3://aind-private-data-prod-o5171v/behavior_745305_2024-12-10_11-22-54,2fdab41c-584b-47c4-b77e-2d53007dbec9
behavior_745305_2024-12-11_11-41-22,s3://aind-private-data-prod-o5171v/behavior_745305_2024-12-11_11-41-22,9966e76d-4054-430a-bd56-fe63dcafe854
behavior_745305_2024-12-12_10-58-57,s3://aind-private-data-prod-o5171v/behavior_745305_2024-12-12_10-58-57,c97341fb-9f3a-49ae-9720-edf1b406bd23
behavior_745305_2024-12-13_11-24-51,s3://aind-private-data-prod-o5171v/behavior_745305_2024-12-13_11-24-51,a7c5eeff-3b59-433e-963d-fc1d9d2a9af5
behavior_745305_2024-12-16_11-29-05,s3://aind-private-data-prod-o5171v/behavior_745305_2024-12-16_11-29-05,492c8da0-9fbd-43a3-aa34-533355e3d5ff
behavior_745305_2024-12-17_11-01-51,s3://aind-private-data-prod-o5171v/behavior_745305_2024-12-17_11-01-51,affcaa85-57a7-48db-9f4e-0f892ec3e753
behavior_745305_2024-12-18_10-45-02,s3://aind-private-data-prod-o5171v/behavior_745305_2024-12-18_10-45-02,5f817b80-cfdb-41da-86ac-d75a70c1969c
behavior_754559_2024-08-26_09-24-17,s3://aind-private-data-prod-o5171v/behavior_754559_2024-08-26_09-24-17,d6f603f8-c4ee-4b18-a52b-779a1ce81ef1
behavior_754559_2024-08-27_09-27-33,s3://aind-private-data-prod-o5171v/behavior_754559_2024-08-27_09-27-33,73d15ef3-5aee-4e3b-a93f-43b0bb868f02
behavior_754559_2024-08-28_09-06-43,s3://aind-private-data-prod-o5171v/behavior_754559_2024-08-28_09-06-43,743181fa-14b3-4ad0-8c15-870873ff365d
behavior_754559_2024-08-29_09-36-26,s3://aind-private-data-prod-o5171v/behavior_754559_2024-08-29_09-36-26,e98adf00-de70-4352-92ab-369d07c6ae53
behavior_754559_2024-08-30_09-22-19,s3://aind-private-data-prod-o5171v/behavior_754559_2024-08-30_09-22-19,4469b754-3b3c-4ab0-82b3-44033feb07da
behavior_754559_2024-09-03_10-21-18,s3://aind-private-data-prod-o5171v/behavior_754559_2024-09-03_10-21-18,07b5dc28-cd3a-4d17-884a-785aa923e679
behavior_754559_2024-09-04_09-55-21,s3://aind-private-data-prod-o5171v/behavior_754559_2024-09-04_09-55-21,30961752-04a2-45f5-82f2-fd56c7b2354a
behavior_754559_2024-09-05_10-17-30,s3://aind-private-data-prod-o5171v/behavior_754559_2024-09-05_10-17-30,aa82cd2d-7b5a-4993-9b62-5389294a62ab
behavior_754559_2024-09-06_09-18-30,s3://aind-private-data-prod-o5171v/behavior_754559_2024-09-06_09-18-30,094e0504-5ac6-4a2b-bca3-9105991a963a
behavior_754559_2024-09-11_11-38-08,s3://aind-private-data-prod-o5171v/behavior_754559_2024-09-11_11-38-08,7b9381d3-f51b-4278-9630-4c6a47a1505c
behavior_754559_2024-09-12_09-06-19,s3://aind-private-data-prod-o5171v/behavior_754559_2024-09-12_09-06-19,729c8c1c-cdb8-42a5-8093-dcc24dfeb876
behavior_754559_2024-09-13_09-37-40,s3://aind-private-data-prod-o5171v/behavior_754559_2024-09-13_09-37-40,cf3918d5-26dd-4278-a056-7038b077b7da
behavior_754559_2024-09-16_09-08-07,s3://aind-private-data-prod-o5171v/behavior_754559_2024-09-16_09-08-07,c2a1bfc5-3ae8-4fab-a20a-b300a77c7c74
behavior_754559_2024-09-17_09-10-59,s3://aind-private-data-prod-o5171v/behavior_754559_2024-09-17_09-10-59,39c9dd6d-3062-4ba4-8b2e-c98e51228cb7
behavior_754559_2024-09-18_09-06-52,s3://aind-private-data-prod-o5171v/behavior_754559_2024-09-18_09-06-52,67adb19c-31c9-4d47-93d7-b54416b47caa
behavior_754559_2024-09-19_09-23-28,s3://aind-private-data-prod-o5171v/behavior_754559_2024-09-19_09-23-28,184c3de2-8a4f-4d44-a7f2-52dfbee08aa9
behavior_754559_2024-09-20_09-02-36,s3://aind-private-data-prod-o5171v/behavior_754559_2024-09-20_09-02-36,decd1ab3-dbf0-4da1-bf2c-0831ec328392
behavior_754559_2024-09-24_09-28-09,s3://aind-private-data-prod-o5171v/behavior_754559_2024-09-24_09-28-09,1246b60f-994c-427f-b73f-e1e3909c216e
behavior_754559_2024-09-25_09-25-52,s3://aind-private-data-prod-o5171v/behavior_754559_2024-09-25_09-25-52,32e1c55a-6e46-406f-a52c-84a0d095688f
behavior_754559_2024-09-26_08-52-09,s3://aind-private-data-prod-o5171v/behavior_754559_2024-09-26_08-52-09,51f712e0-e5eb-42b2-aa6b-e1b8e3054894
behavior_754559_2024-09-27_09-08-58,s3://aind-private-data-prod-o5171v/behavior_754559_2024-09-27_09-08-58,8c1d7179-a0d9-4add-b7d4-4d7def754fdf
behavior_754559_2024-09-30_09-06-32,s3://aind-private-data-prod-o5171v/behavior_754559_2024-09-30_09-06-32,dc2afdd1-fd27-42df-b7f3-de63177ac0a0
behavior_754559_2024-10-01_09-00-23,s3://aind-private-data-prod-o5171v/behavior_754559_2024-10-01_09-00-23,dd2ae9d5-93b1-4d66-bdd8-900338d7f0e9
behavior_754559_2024-10-02_08-53-31,s3://aind-private-data-prod-o5171v/behavior_754559_2024-10-02_08-53-31,0cd8d855-2a34-4dea-81c1-bc7097109b00
behavior_754559_2024-10-03_08-58-47,s3://aind-private-data-prod-o5171v/behavior_754559_2024-10-03_08-58-47,da0d9af3-f24f-4a51-8e8b-8c68f83d078c
behavior_754559_2024-10-04_09-21-30,s3://aind-private-data-prod-o5171v/behavior_754559_2024-10-04_09-21-30,1a7acf5a-266f-49bf-b989-f413f7f9ed55
behavior_754559_2024-10-07_08-57-41,s3://aind-private-data-prod-o5171v/behavior_754559_2024-10-07_08-57-41,7c4fe60f-7ac5-4c6a-8a28-281ae8b86784
behavior_754559_2024-10-09_09-08-29,s3://aind-private-data-prod-o5171v/behavior_754559_2024-10-09_09-08-29,3dcaa38a-ad45-40ea-9265-cf28c3678c65
behavior_754559_2024-10-10_09-17-37,s3://aind-private-data-prod-o5171v/behavior_754559_2024-10-10_09-17-37,d7491947-2b12-4f0c-8bae-95321d75ad9c
behavior_754559_2024-10-11_08-54-26,s3://aind-private-data-prod-o5171v/behavior_754559_2024-10-11_08-54-26,f84e4301-f7d1-439b-aca0-b043144beb80
behavior_754559_2024-10-14_09-46-04,s3://aind-private-data-prod-o5171v/behavior_754559_2024-10-14_09-46-04,5a8f2a23-e1d6-4ed4-95e6-1ba64d7736ec
behavior_754559_2024-10-15_09-20-27,s3://aind-private-data-prod-o5171v/behavior_754559_2024-10-15_09-20-27,f17be48e-6bec-43fb-8494-33d46388cc71
behavior_754559_2024-10-16_09-12-58,s3://aind-private-data-prod-o5171v/behavior_754559_2024-10-16_09-12-58,24f0688b-6994-4d87-91bc-acf19834d8e5
behavior_754559_2024-10-17_08-59-48,s3://aind-private-data-prod-o5171v/behavior_754559_2024-10-17_08-59-48,271c76a5-abf3-40a5-abdf-372a4f8c9759
behavior_754559_2024-10-18_09-42-18,s3://aind-private-data-prod-o5171v/behavior_754559_2024-10-18_09-42-18,7d8529e6-ef1a-40e0-a34d-8dbe4018f702
behavior_754559_2024-10-20_10-41-00,s3://aind-private-data-prod-o5171v/behavior_754559_2024-10-20_10-41-00,51a2dd58-ceb2-4287-9df6-80dccfa1d2a0
behavior_754559_2024-10-21_09-15-59,s3://aind-private-data-prod-o5171v/behavior_754559_2024-10-21_09-15-59,955e0e93-a93d-4ecf-834a-ef66a5de19db
behavior_754559_2024-10-22_09-20-51,s3://aind-private-data-prod-o5171v/behavior_754559_2024-10-22_09-20-51,c3078256-75c7-449b-9cbb-ea1828feb996
behavior_754559_2024-10-23_09-13-28,s3://aind-private-data-prod-o5171v/behavior_754559_2024-10-23_09-13-28,7af4823b-b21c-4f0f-95ef-c820ec22739d
behavior_754559_2024-10-24_09-06-28,s3://aind-private-data-prod-o5171v/behavior_754559_2024-10-24_09-06-28,84d3d1b2-544a-4877-88e0-5e979995c9a8
behavior_754559_2024-10-25_09-15-04,s3://aind-private-data-prod-o5171v/behavior_754559_2024-10-25_09-15-04,44bbb95c-cf54-49ee-8b51-f7ebaa808f62
behavior_754559_2024-10-26_09-53-21,s3://aind-private-data-prod-o5171v/behavior_754559_2024-10-26_09-53-21,dcd68c82-1638-41a7-982e-f18517fa845b
behavior_754559_2024-10-27_10-22-29,s3://aind-private-data-prod-o5171v/behavior_754559_2024-10-27_10-22-29,7719d254-d4ad-48f9-8bb9-3bb9596f17d3
behavior_754559_2024-10-28_09-03-34,s3://aind-private-data-prod-o5171v/behavior_754559_2024-10-28_09-03-34,a3539726-abd1-40f0-8db1-0482a4a1a76d
behavior_754559_2024-10-29_09-07-48,s3://aind-private-data-prod-o5171v/behavior_754559_2024-10-29_09-07-48,36c61067-262a-4920-bc55-9dd4cd8e2f0c
behavior_754559_2024-10-30_09-35-19,s3://aind-private-data-prod-o5171v/behavior_754559_2024-10-30_09-35-19,05518352-35e6-41a4-a470-ef482d34c5be
behavior_754559_2024-11-05_09-47-23,s3://aind-private-data-prod-o5171v/behavior_754559_2024-11-05_09-47-23,de070cf7-1e67-4fd9-ac42-61246586f7a0
behavior_754559_2024-11-06_09-32-34,s3://aind-private-data-prod-o5171v/behavior_754559_2024-11-06_09-32-34,50ca7995-fd8d-4ff1-92b9-d7c16f672fb1
behavior_754559_2024-11-07_09-27-54,s3://aind-private-data-prod-o5171v/behavior_754559_2024-11-07_09-27-54,c26202e6-e1ae-4f7a-a8f2-874aae2b84a9
behavior_754559_2024-11-08_09-13-36,s3://aind-private-data-prod-o5171v/behavior_754559_2024-11-08_09-13-36,022d8ec6-35fe-440d-926d-3ccbeb6dd4a0
behavior_754559_2024-11-11_09-18-28,s3://aind-private-data-prod-o5171v/behavior_754559_2024-11-11_09-18-28,4b79fa4a-a9e3-4ae8-b1fa-56a5d455f37f
behavior_754559_2024-11-12_09-36-42,s3://aind-private-data-prod-o5171v/behavior_754559_2024-11-12_09-36-42,9f19929a-38c4-4c79-a3ec-37d413d3848f
behavior_754559_2024-11-13_09-11-35,s3://aind-private-data-prod-o5171v/behavior_754559_2024-11-13_09-11-35,d75122a8-4352-4dbe-8b6d-7777e071184d
behavior_754559_2024-11-14_09-23-57,s3://aind-private-data-prod-o5171v/behavior_754559_2024-11-14_09-23-57,0a7a7f7e-637c-4138-9815-f94285402b6d
behavior_754559_2024-11-15_09-05-28,s3://aind-private-data-prod-o5171v/behavior_754559_2024-11-15_09-05-28,ecd1bdb8-a900-4815-83e2-b2b9a4193444
behavior_754559_2024-11-18_09-24-14,s3://aind-private-data-prod-o5171v/behavior_754559_2024-11-18_09-24-14,f0cf4d82-00bf-41c8-b65f-16e06b727fd7
behavior_754559_2024-11-19_09-27-09,s3://aind-private-data-prod-o5171v/behavior_754559_2024-11-19_09-27-09,aeb98926-bb68-4543-b0df-ef8666b6e555
behavior_754559_2024-11-20_09-18-32,s3://aind-private-data-prod-o5171v/behavior_754559_2024-11-20_09-18-32,f93fd5cb-1771-4539-b97a-5b077f51a1b9
behavior_754559_2024-11-21_09-28-25,s3://aind-private-data-prod-o5171v/behavior_754559_2024-11-21_09-28-25,5405480d-a701-4c9d-a9db-9596f1e9f290
behavior_754559_2024-11-22_09-40-09,s3://aind-private-data-prod-o5171v/behavior_754559_2024-11-22_09-40-09,033cb08d-c0c7-47db-be62-b05587bb0721
behavior_754559_2024-11-23_10-41-34,s3://aind-private-data-prod-o5171v/behavior_754559_2024-11-23_10-41-34,1bd65256-ba66-4364-bceb-39a2d686a445
behavior_754559_2024-11-25_09-36-41,s3://aind-private-data-prod-o5171v/behavior_754559_2024-11-25_09-36-41,21135ced-18fc-4941-8679-6d3cac11547b
behavior_754559_2024-11-26_10-04-38,s3://aind-private-data-prod-o5171v/behavior_754559_2024-11-26_10-04-38,622e0c58-712d-4da6-bd1d-9c94438f8b91
behavior_754559_2024-11-27_10-06-59,s3://aind-private-data-prod-o5171v/behavior_754559_2024-11-27_10-06-59,b7b5a89b-410b-4732-9254-d2b116de57d9
behavior_754559_2024-11-29_10-54-12,s3://aind-private-data-prod-o5171v/behavior_754559_2024-11-29_10-54-12,047cabbf-f0ec-456c-8f31-837bd430b0ab
behavior_754559_2024-12-02_10-11-05,s3://aind-private-data-prod-o5171v/behavior_754559_2024-12-02_10-11-05,8172f108-f7da-4b73-a3ee-39a64214dd02
behavior_754559_2024-12-03_09-52-56,s3://aind-private-data-prod-o5171v/behavior_754559_2024-12-03_09-52-56,964047f0-32e4-4e47-bdb7-282488f93f87
behavior_754559_2024-12-04_09-16-33,s3://aind-private-data-prod-o5171v/behavior_754559_2024-12-04_09-16-33,ad104206-2903-49b6-848a-c4ebcdbc6554
behavior_754559_2024-12-05_09-40-42,s3://aind-private-data-prod-o5171v/behavior_754559_2024-12-05_09-40-42,91d13c78-2d2e-42cb-91cf-154eeaf129d1
behavior_754559_2024-12-06_09-51-23,s3://aind-private-data-prod-o5171v/behavior_754559_2024-12-06_09-51-23,3f699019-5ddd-42e9-902c-6a3a396f530b
behavior_754559_2024-12-07_10-57-17,s3://aind-private-data-prod-o5171v/behavior_754559_2024-12-07_10-57-17,901aae59-2659-404d-bcff-3881024281d4
behavior_754559_2024-12-09_09-20-49,s3://aind-private-data-prod-o5171v/behavior_754559_2024-12-09_09-20-49,59cf051e-bbaf-49df-b5ca-c15defdef4e8
behavior_754559_2024-12-10_09-11-23,s3://aind-private-data-prod-o5171v/behavior_754559_2024-12-10_09-11-23,6a5677b5-4990-4f16-9f17-3286e71d463a
behavior_754559_2024-12-11_09-47-02,s3://aind-private-data-prod-o5171v/behavior_754559_2024-12-11_09-47-02,29686f65-f4fd-437a-9e30-481e0ba97f9b
behavior_754559_2024-12-12_09-17-59,s3://aind-private-data-prod-o5171v/behavior_754559_2024-12-12_09-17-59,88cd104b-15f7-4b4e-bf39-2f2e2364eb1d
behavior_754559_2024-12-13_09-42-37,s3://aind-private-data-prod-o5171v/behavior_754559_2024-12-13_09-42-37,f0fab751-8a3d-4268-b15d-3085a06001a5
behavior_754559_2024-12-16_09-35-55,s3://aind-private-data-prod-o5171v/behavior_754559_2024-12-16_09-35-55,81b70317-3d14-4c21-97a5-28ee51eabfd9
behavior_754559_2024-12-17_17-40-13,s3://aind-open-data/behavior_754559_2024-12-17_17-40-13,d3978a37-b5db-49e9-9e93-950e8feb067c
behavior_754559_2024-12-18_09-28-25,s3://aind-private-data-prod-o5171v/behavior_754559_2024-12-18_09-28-25,7e158ede-e034-41d4-88c7-60ec77629c55
behavior_754560_2024-08-26_09-25-44,s3://aind-private-data-prod-o5171v/behavior_754560_2024-08-26_09-25-44,7148eeac-7608-43e3-897e-4570b4ce5c4c
behavior_754560_2024-08-27_09-27-47,s3://aind-private-data-prod-o5171v/behavior_754560_2024-08-27_09-27-47,a4e72206-c088-49d5-acdb-dd6dc0336695
behavior_754560_2024-08-28_09-07-05,s3://aind-private-data-prod-o5171v/behavior_754560_2024-08-28_09-07-05,b3a8ed78-e076-4e1c-83e8-4d14d8226a13
behavior_754560_2024-08-29_09-36-43,s3://aind-private-data-prod-o5171v/behavior_754560_2024-08-29_09-36-43,47ca6354-dc82-4376-be0e-682dc9dbc1ef
behavior_754560_2024-08-30_09-22-29,s3://aind-private-data-prod-o5171v/behavior_754560_2024-08-30_09-22-29,b3f35a7f-2f14-4c9d-b364-560422457797
behavior_754560_2024-09-03_10-06-13,s3://aind-private-data-prod-o5171v/behavior_754560_2024-09-03_10-06-13,9c696d7b-c62f-4338-97f5-1324205a229d
behavior_754560_2024-09-04_10-05-37,s3://aind-private-data-prod-o5171v/behavior_754560_2024-09-04_10-05-37,72f51fdb-e525-4f53-95eb-cdf9d7026139
behavior_754560_2024-09-05_10-24-24,s3://aind-private-data-prod-o5171v/behavior_754560_2024-09-05_10-24-24,afc462b0-67d3-4685-a7ee-7b6be5ee9f6a
behavior_754560_2024-09-06_09-05-01,s3://aind-private-data-prod-o5171v/behavior_754560_2024-09-06_09-05-01,0af1beeb-b0c2-4b6a-bc81-366105b44d6f
behavior_754560_2024-09-11_11-08-41,s3://aind-private-data-prod-o5171v/behavior_754560_2024-09-11_11-08-41,f95613f9-7edc-4169-ac72-867aa2892bd9
behavior_754560_2024-09-12_09-35-50,s3://aind-private-data-prod-o5171v/behavior_754560_2024-09-12_09-35-50,9f0d6cf4-636f-475d-832b-17d3eb84c916
behavior_754560_2024-09-13_09-16-36,s3://aind-private-data-prod-o5171v/behavior_754560_2024-09-13_09-16-36,b66b1a97-dcd1-4985-861c-705e114318eb
behavior_754560_2024-09-16_09-08-20,s3://aind-private-data-prod-o5171v/behavior_754560_2024-09-16_09-08-20,c0140f80-f508-487a-a51b-4ec8f235d652
behavior_754560_2024-09-17_09-11-12,s3://aind-private-data-prod-o5171v/behavior_754560_2024-09-17_09-11-12,1d477848-4b70-4541-b366-398f2add12d5
behavior_754560_2024-09-18_09-07-10,s3://aind-private-data-prod-o5171v/behavior_754560_2024-09-18_09-07-10,898e30bb-592d-4fb5-883f-03049c3da9f2
behavior_754560_2024-09-19_09-03-26,s3://aind-private-data-prod-o5171v/behavior_754560_2024-09-19_09-03-26,80121f01-6e75-4d20-a4a5-8f77e744d89a
behavior_754560_2024-09-20_09-03-08,s3://aind-private-data-prod-o5171v/behavior_754560_2024-09-20_09-03-08,cb6b0a6d-2969-4688-bfbe-471cad924b1c
behavior_754560_2024-09-24_09-28-00,s3://aind-private-data-prod-o5171v/behavior_754560_2024-09-24_09-28-00,a45ec6be-eb08-4699-9f89-fdf16dee11d8
behavior_754560_2024-09-25_09-42-06,s3://aind-private-data-prod-o5171v/behavior_754560_2024-09-25_09-42-06,bb50f010-19e0-411a-b15b-2856dc84125d
behavior_754560_2024-09-26_08-52-24,s3://aind-private-data-prod-o5171v/behavior_754560_2024-09-26_08-52-24,953f4c1a-1b33-451d-831c-ebc482f1a937
behavior_754560_2024-09-27_09-09-08,s3://aind-private-data-prod-o5171v/behavior_754560_2024-09-27_09-09-08,398ab314-474e-4820-9a53-7686f89bf74e
behavior_754560_2024-09-30_09-06-47,s3://aind-private-data-prod-o5171v/behavior_754560_2024-09-30_09-06-47,2fb31488-07d2-4517-a754-903e28614ba3
behavior_754560_2024-10-01_09-00-33,s3://aind-private-data-prod-o5171v/behavior_754560_2024-10-01_09-00-33,64a50a1c-3aa3-4806-8c57-48a7315a33fd
behavior_754560_2024-10-02_08-53-41,s3://aind-private-data-prod-o5171v/behavior_754560_2024-10-02_08-53-41,e751987a-37aa-4d65-9e70-c98e6468483a
behavior_754560_2024-10-03_08-58-37,s3://aind-private-data-prod-o5171v/behavior_754560_2024-10-03_08-58-37,0dc190b5-e8a5-483c-848d-f384dea10252
behavior_754560_2024-10-04_09-01-02,s3://aind-private-data-prod-o5171v/behavior_754560_2024-10-04_09-01-02,62c5bdfe-e594-43ed-a7fb-b5ad09f4e900
behavior_754560_2024-10-07_08-57-50,s3://aind-private-data-prod-o5171v/behavior_754560_2024-10-07_08-57-50,e713abb5-c2f0-440a-aef1-689eceadd7c6
behavior_754560_2024-10-08_09-12-07,s3://aind-private-data-prod-o5171v/behavior_754560_2024-10-08_09-12-07,cfeaaadc-6ee9-456b-8f54-3c61f6dd5f42
behavior_754560_2024-10-09_09-08-36,s3://aind-private-data-prod-o5171v/behavior_754560_2024-10-09_09-08-36,be1804ae-51e8-40c6-bb69-a98f351cdd21
behavior_754560_2024-10-10_09-17-45,s3://aind-private-data-prod-o5171v/behavior_754560_2024-10-10_09-17-45,38fcd6ba-cd94-4932-bc6f-150f318449d6
behavior_754560_2024-10-11_08-54-36,s3://aind-private-data-prod-o5171v/behavior_754560_2024-10-11_08-54-36,fb5d63c2-af2e-4c69-935c-58b06a842eb5
behavior_754560_2024-10-14_09-28-52,s3://aind-private-data-prod-o5171v/behavior_754560_2024-10-14_09-28-52,882da82c-fa08-4352-8386-1614735b7680
behavior_754560_2024-10-15_09-20-35,s3://aind-private-data-prod-o5171v/behavior_754560_2024-10-15_09-20-35,7f2d4330-3134-42be-9d38-d2da2d41faad
behavior_754560_2024-10-16_09-13-11,s3://aind-private-data-prod-o5171v/behavior_754560_2024-10-16_09-13-11,3703c6b4-fbed-4126-a54a-0014d6aa69be
behavior_754560_2024-10-17_08-59-56,s3://aind-private-data-prod-o5171v/behavior_754560_2024-10-17_08-59-56,83021bfa-2e0d-44b7-ac35-d418eae854e8
behavior_754560_2024-10-18_09-08-45,s3://aind-private-data-prod-o5171v/behavior_754560_2024-10-18_09-08-45,829466a4-9572-4448-b834-b44848a8a063
behavior_754560_2024-10-20_10-40-45,s3://aind-private-data-prod-o5171v/behavior_754560_2024-10-20_10-40-45,e3349ee9-d5dc-4cc7-9b18-9d15b9df9158
behavior_754560_2024-10-21_09-16-09,s3://aind-private-data-prod-o5171v/behavior_754560_2024-10-21_09-16-09,c6f189d0-e96e-4ce8-901c-6db5e8b60760
behavior_754560_2024-10-22_09-20-59,s3://aind-private-data-prod-o5171v/behavior_754560_2024-10-22_09-20-59,b7ae8be4-ef74-4be2-846d-46cf49b6d342
behavior_754560_2024-10-23_09-13-40,s3://aind-private-data-prod-o5171v/behavior_754560_2024-10-23_09-13-40,d47ddbef-3cb4-4b18-90d3-282471e6de48
behavior_754560_2024-10-24_09-06-44,s3://aind-private-data-prod-o5171v/behavior_754560_2024-10-24_09-06-44,ddc08d4e-fe95-4579-aa45-8b505456cf16
behavior_754560_2024-10-25_09-12-02,s3://aind-private-data-prod-o5171v/behavior_754560_2024-10-25_09-12-02,1f4fb144-a30b-41da-a18d-1e4da9e41a1e
behavior_754560_2024-10-26_09-53-33,s3://aind-private-data-prod-o5171v/behavior_754560_2024-10-26_09-53-33,026c5b88-66ba-4607-9f64-2655e2457d23
behavior_754560_2024-10-27_10-22-20,s3://aind-private-data-prod-o5171v/behavior_754560_2024-10-27_10-22-20,29714a84-eec7-4072-a5f9-ca10b0f34811
behavior_754560_2024-10-28_09-03-44,s3://aind-private-data-prod-o5171v/behavior_754560_2024-10-28_09-03-44,4d9e4df3-e658-4249-90dd-1b439a506296
behavior_754560_2024-10-29_09-07-55,s3://aind-private-data-prod-o5171v/behavior_754560_2024-10-29_09-07-55,a3f0a8cb-1c44-46b8-853b-13ae3ecb1acf
behavior_754560_2024-10-30_09-35-27,s3://aind-private-data-prod-o5171v/behavior_754560_2024-10-30_09-35-27,4db954b1-fb02-4c21-b6dd-b6445acefa50
behavior_754560_2024-11-05_09-48-47,s3://aind-private-data-prod-o5171v/behavior_754560_2024-11-05_09-48-47,b97bfab3-f596-4f66-97ec-6e24dd281165
behavior_754560_2024-11-06_09-32-40,s3://aind-private-data-prod-o5171v/behavior_754560_2024-11-06_09-32-40,626b64b0-fd5a-4e70-94c9-6474c0cb8d85
behavior_754560_2024-11-07_09-28-02,s3://aind-private-data-prod-o5171v/behavior_754560_2024-11-07_09-28-02,bfd2b61d-fef0-4135-b285-b4bc7f1a8770
behavior_754560_2024-11-08_09-13-42,s3://aind-private-data-prod-o5171v/behavior_754560_2024-11-08_09-13-42,31731f81-83cf-4cd7-a7c8-ace7fb9fe768
behavior_754560_2024-11-11_09-18-35,s3://aind-private-data-prod-o5171v/behavior_754560_2024-11-11_09-18-35,48696047-2c38-4209-b768-3dc88c20de96
behavior_754560_2024-11-12_09-36-51,s3://aind-private-data-prod-o5171v/behavior_754560_2024-11-12_09-36-51,01e50ddb-7558-42cf-8f9f-7f71310f291b
behavior_754560_2024-11-13_09-29-26,s3://aind-private-data-prod-o5171v/behavior_754560_2024-11-13_09-29-26,1ac2b6d7-1a88-43b2-b750-bb2d60ee2254
behavior_754560_2024-11-14_09-24-06,s3://aind-private-data-prod-o5171v/behavior_754560_2024-11-14_09-24-06,110cf48b-d9ac-42d2-bbc5-69a548c438bf
behavior_754560_2024-11-15_09-05-34,s3://aind-private-data-prod-o5171v/behavior_754560_2024-11-15_09-05-34,ce203bf7-44df-4728-acd7-4553f3a5c52c
behavior_754560_2024-11-18_09-24-20,s3://aind-private-data-prod-o5171v/behavior_754560_2024-11-18_09-24-20,ccb2ded0-1fd0-42a5-a85b-fd11c5af7734
behavior_754560_2024-11-19_09-27-15,s3://aind-private-data-prod-o5171v/behavior_754560_2024-11-19_09-27-15,33e4f7b3-bf90-49f3-85ae-6cb0f603c55d
behavior_754560_2024-11-20_09-35-29,s3://aind-private-data-prod-o5171v/behavior_754560_2024-11-20_09-35-29,67a0fe84-2c8b-4852-9378-50d45bf5c915
behavior_754560_2024-11-21_09-28-31,s3://aind-private-data-prod-o5171v/behavior_754560_2024-11-21_09-28-31,3effd1c8-3e3d-478d-85e8-8a1b4b3edc69
behavior_754560_2024-11-22_09-40-18,s3://aind-private-data-prod-o5171v/behavior_754560_2024-11-22_09-40-18,7843c212-9371-4b62-bc5f-793c2fd6c221
behavior_754560_2024-11-23_10-41-27,s3://aind-private-data-prod-o5171v/behavior_754560_2024-11-23_10-41-27,710d6917-84c4-4d49-8f14-8f2f52e1f7fa
behavior_754560_2024-11-25_09-36-29,s3://aind-private-data-prod-o5171v/behavior_754560_2024-11-25_09-36-29,15d2ce90-dbf7-4202-9e88-b429fa8e9c08
behavior_754560_2024-11-26_10-04-29,s3://aind-private-data-prod-o5171v/behavior_754560_2024-11-26_10-04-29,33302321-3e9d-48dd-a486-68ea5dff1229
behavior_754560_2024-11-27_09-59-51,s3://aind-private-data-prod-o5171v/behavior_754560_2024-11-27_09-59-51,6377ed30-a25d-42b3-a229-d7607989923e
behavior_754560_2024-11-29_10-23-43,s3://aind-private-data-prod-o5171v/behavior_754560_2024-11-29_10-23-43,c2ac1954-5e7d-4b1c-b0db-91473036a106
behavior_754560_2024-11-30_10-39-51,s3://aind-private-data-prod-o5171v/behavior_754560_2024-11-30_10-39-51,8f798114-604b-47b3-98ed-60478aef4e94
behavior_754560_2024-12-02_10-19-32,s3://aind-private-data-prod-o5171v/behavior_754560_2024-12-02_10-19-32,1b44f877-dd98-42a2-b61d-fcff3a85c204
behavior_754560_2024-12-03_09-45-44,s3://aind-private-data-prod-o5171v/behavior_754560_2024-12-03_09-45-44,331e83bb-cf8d-4556-be4e-91f6eb13ff0b
behavior_754560_2024-12-04_09-16-27,s3://aind-private-data-prod-o5171v/behavior_754560_2024-12-04_09-16-27,c15cfc2d-49d5-45a9-8428-fc21e5137eb0
behavior_754560_2024-12-05_09-40-35,s3://aind-private-data-prod-o5171v/behavior_754560_2024-12-05_09-40-35,1250a1ad-4713-4f64-be00-7eda837d6469
behavior_754560_2024-12-06_09-57-27,s3://aind-private-data-prod-o5171v/behavior_754560_2024-12-06_09-57-27,51bc6333-3cee-429d-adaf-302571e68692
behavior_754560_2024-12-07_10-48-17,s3://aind-private-data-prod-o5171v/behavior_754560_2024-12-07_10-48-17,d2efe388-fd30-4888-a84f-2d5f4e7eafc2
behavior_754560_2024-12-09_09-20-59,s3://aind-private-data-prod-o5171v/behavior_754560_2024-12-09_09-20-59,482dca46-ef0e-4565-bc0c-c1d05b2a02bb
behavior_754560_2024-12-10_09-11-32,s3://aind-private-data-prod-o5171v/behavior_754560_2024-12-10_09-11-32,ddb3eb3d-851e-44ec-9017-249ac37c57e4
behavior_754560_2024-12-11_09-47-12,s3://aind-private-data-prod-o5171v/behavior_754560_2024-12-11_09-47-12,59821931-5ca5-4abd-ad9f-585bbd080eb1
behavior_754560_2024-12-12_09-15-29,s3://aind-private-data-prod-o5171v/behavior_754560_2024-12-12_09-15-29,5e2d8ab6-0261-4ed3-b993-a436b8070084
behavior_754560_2024-12-13_09-42-44,s3://aind-private-data-prod-o5171v/behavior_754560_2024-12-13_09-42-44,5574bbbd-6cd8-4620-99d1-1d4f18b7d1de
behavior_754560_2024-12-16_09-36-01,s3://aind-private-data-prod-o5171v/behavior_754560_2024-12-16_09-36-01,77e5c917-fe45-411b-926a-efc06a3b645a
behavior_754560_2024-12-17_09-40-20,s3://aind-private-data-prod-o5171v/behavior_754560_2024-12-17_09-40-20,2c61fe32-a9e9-49f7-8319-a16e1db49127
behavior_754560_2024-12-18_09-28-34,s3://aind-private-data-prod-o5171v/behavior_754560_2024-12-18_09-28-34,74a09d59-bdfc-4342-9d77-983ab45b51c1
behavior_754566_2024-09-03_11-14-25,s3://aind-private-data-prod-o5171v/behavior_754566_2024-09-03_11-14-25,a08a5873-c578-442a-aab9-1628a71e207b
behavior_754566_2024-09-04_10-19-18,s3://aind-private-data-prod-o5171v/behavior_754566_2024-09-04_10-19-18,d63f2923-c196-4146-8f74-a982f2d26e3e
behavior_754566_2024-09-05_10-28-29,s3://aind-private-data-prod-o5171v/behavior_754566_2024-09-05_10-28-29,83a1d431-285f-4e7a-9e91-c8a2d50f9b0d
behavior_754566_2024-09-06_09-13-33,s3://aind-private-data-prod-o5171v/behavior_754566_2024-09-06_09-13-33,8349a0cb-272d-4905-bc36-7a733acf1ba6
behavior_754566_2024-09-11_11-08-51,s3://aind-private-data-prod-o5171v/behavior_754566_2024-09-11_11-08-51,983f073c-8d3d-41d8-9543-a3001ad2b053
behavior_754566_2024-09-12_09-19-02,s3://aind-private-data-prod-o5171v/behavior_754566_2024-09-12_09-19-02,0ccc03a0-6b10-4d35-9fb7-694e8f961302
behavior_754566_2024-09-13_09-26-46,s3://aind-private-data-prod-o5171v/behavior_754566_2024-09-13_09-26-46,9a9fc2e6-6e6f-471e-a4d2-9ce3cc8210d1
behavior_754566_2024-09-16_09-21-22,s3://aind-private-data-prod-o5171v/behavior_754566_2024-09-16_09-21-22,a04ff27c-60c9-4e51-9c00-a2cbd98c078c
behavior_754566_2024-09-17_09-09-57,s3://aind-private-data-prod-o5171v/behavior_754566_2024-09-17_09-09-57,2f74f220-438f-4a16-9e88-40f96573e970
behavior_754566_2024-09-18_09-05-50,s3://aind-private-data-prod-o5171v/behavior_754566_2024-09-18_09-05-50,b0564f17-e703-470e-9941-e7ce6d593176
behavior_754566_2024-09-19_09-01-31,s3://aind-private-data-prod-o5171v/behavior_754566_2024-09-19_09-01-31,ef75bede-3e54-4624-aa59-ec57db186524
behavior_754566_2024-09-20_09-01-41,s3://aind-private-data-prod-o5171v/behavior_754566_2024-09-20_09-01-41,9319b65f-a1dc-4f89-a833-9dc79aa45138
behavior_754566_2024-09-24_09-26-51,s3://aind-private-data-prod-o5171v/behavior_754566_2024-09-24_09-26-51,6a163ced-4935-4375-80f9-8db06cd9d726
behavior_754566_2024-09-25_09-25-03,s3://aind-private-data-prod-o5171v/behavior_754566_2024-09-25_09-25-03,2d2deddf-d6d8-4d39-b2b0-152755f01613
behavior_754566_2024-09-26_08-51-26,s3://aind-private-data-prod-o5171v/behavior_754566_2024-09-26_08-51-26,d167b5be-b1bb-43b1-9449-942dafa21631
behavior_754566_2024-09-27_09-08-14,s3://aind-private-data-prod-o5171v/behavior_754566_2024-09-27_09-08-14,103bd392-875e-40b3-b210-ac9c5c97c95b
behavior_754566_2024-09-30_09-03-57,s3://aind-private-data-prod-o5171v/behavior_754566_2024-09-30_09-03-57,320f9108-659c-446c-ae5e-3cf5a94f5f34
behavior_754566_2024-10-01_08-59-34,s3://aind-private-data-prod-o5171v/behavior_754566_2024-10-01_08-59-34,460e314c-2a73-4c1e-a8b2-ecc309e3c6af
behavior_754566_2024-10-02_08-52-42,s3://aind-private-data-prod-o5171v/behavior_754566_2024-10-02_08-52-42,4c43a792-1931-4b69-a680-9534127a2f3e
behavior_754566_2024-10-03_08-56-31,s3://aind-private-data-prod-o5171v/behavior_754566_2024-10-03_08-56-31,217e5b9b-1ad4-4546-a20d-61bdb47d73e6
behavior_754566_2024-10-04_08-59-49,s3://aind-private-data-prod-o5171v/behavior_754566_2024-10-04_08-59-49,1076d5e3-fdae-4104-8194-146d5888f35f
behavior_754566_2024-10-07_08-56-53,s3://aind-private-data-prod-o5171v/behavior_754566_2024-10-07_08-56-53,000db7ee-9531-4198-9569-b3f17c629915
behavior_754566_2024-10-08_09-11-16,s3://aind-private-data-prod-o5171v/behavior_754566_2024-10-08_09-11-16,616abc75-5bf9-4359-9fd7-e8abc5a005a2
behavior_754566_2024-10-09_09-07-47,s3://aind-private-data-prod-o5171v/behavior_754566_2024-10-09_09-07-47,4e64e0e6-09a7-48a9-ac41-367d93602bec
behavior_754566_2024-10-10_09-16-47,s3://aind-private-data-prod-o5171v/behavior_754566_2024-10-10_09-16-47,0034456d-8e10-47ad-be20-111ac5e5cd92
behavior_754566_2024-10-11_08-53-48,s3://aind-private-data-prod-o5171v/behavior_754566_2024-10-11_08-53-48,7c937428-f7af-4eda-9613-5cbf235c6e34
behavior_754566_2024-10-14_09-27-55,s3://aind-private-data-prod-o5171v/behavior_754566_2024-10-14_09-27-55,ab85eada-357d-44d3-b0c5-2df3e1c3da68
behavior_754566_2024-10-15_09-19-41,s3://aind-private-data-prod-o5171v/behavior_754566_2024-10-15_09-19-41,193f712c-6c7f-4a5c-8ca4-a96a5deaccd2
behavior_754566_2024-10-16_09-12-20,s3://aind-private-data-prod-o5171v/behavior_754566_2024-10-16_09-12-20,5ec1b583-21a2-4d6d-a902-9d304b9a6f15
behavior_754566_2024-10-17_08-59-11,s3://aind-private-data-prod-o5171v/behavior_754566_2024-10-17_08-59-11,0583ba1e-3cd2-4c84-842a-4e9034f4aae0
behavior_754566_2024-10-18_09-07-57,s3://aind-private-data-prod-o5171v/behavior_754566_2024-10-18_09-07-57,ac0b9d37-676d-482a-82c3-2d37dc74af63
behavior_754566_2024-10-20_10-41-13,s3://aind-private-data-prod-o5171v/behavior_754566_2024-10-20_10-41-13,8cd0dbda-5861-43b4-9cd0-0fc5787c7005
behavior_754566_2024-10-21_09-36-56,s3://aind-private-data-prod-o5171v/behavior_754566_2024-10-21_09-36-56,14e225be-936e-41e4-9442-bcdaf3751cca
behavior_754566_2024-10-22_09-20-11,s3://aind-private-data-prod-o5171v/behavior_754566_2024-10-22_09-20-11,1d69e37b-aec7-43e3-a26e-f50f10057bc5
behavior_754566_2024-10-23_09-13-05,s3://aind-private-data-prod-o5171v/behavior_754566_2024-10-23_09-13-05,c79b4ff0-963f-4bb2-8e51-9a3abb62df88
behavior_754566_2024-10-24_09-05-45,s3://aind-private-data-prod-o5171v/behavior_754566_2024-10-24_09-05-45,9aab5978-8b4d-4db6-96b6-83e8782ce827
behavior_754566_2024-10-25_09-04-46,s3://aind-private-data-prod-o5171v/behavior_754566_2024-10-25_09-04-46,dc1d1414-229d-42d6-93b9-879f35d081d0
behavior_754566_2024-10-26_09-54-23,s3://aind-private-data-prod-o5171v/behavior_754566_2024-10-26_09-54-23,23b28d8c-2f9d-4993-b3ea-271c5bc346b4
behavior_754566_2024-10-27_10-22-44,s3://aind-private-data-prod-o5171v/behavior_754566_2024-10-27_10-22-44,c5f42f59-0890-4128-a95c-753857df61c0
behavior_754566_2024-10-28_09-01-40,s3://aind-private-data-prod-o5171v/behavior_754566_2024-10-28_09-01-40,9ce2e415-b0c2-4e0a-b08e-b72b93d2631e
behavior_754566_2024-10-29_09-06-51,s3://aind-private-data-prod-o5171v/behavior_754566_2024-10-29_09-06-51,5333a016-e8dc-4ecb-918b-0ec5c6031c1b
behavior_754566_2024-10-30_09-34-36,s3://aind-private-data-prod-o5171v/behavior_754566_2024-10-30_09-34-36,687d709c-99e7-4029-9a26-6e7f98be8864
behavior_754566_2024-11-05_09-51-15,s3://aind-private-data-prod-o5171v/behavior_754566_2024-11-05_09-51-15,4aa1693c-9cb2-4b6c-9f30-10c1c5d41329
behavior_754566_2024-11-06_09-31-20,s3://aind-private-data-prod-o5171v/behavior_754566_2024-11-06_09-31-20,b7a8a393-2ff0-4c5c-aa1b-495ef3c04455
behavior_754566_2024-11-07_09-27-12,s3://aind-private-data-prod-o5171v/behavior_754566_2024-11-07_09-27-12,a9d1bbce-a5a9-4600-bc99-7fbff8cbda64
behavior_754566_2024-11-08_09-12-44,s3://aind-private-data-prod-o5171v/behavior_754566_2024-11-08_09-12-44,fbc987d5-7a3e-4b7d-afc4-51ecd427abbd
behavior_754566_2024-11-11_09-17-41,s3://aind-private-data-prod-o5171v/behavior_754566_2024-11-11_09-17-41,25f139a2-c443-4a76-a6e5-acdc4059937f
behavior_754566_2024-11-12_09-36-07,s3://aind-private-data-prod-o5171v/behavior_754566_2024-11-12_09-36-07,f16c1ab5-210d-441f-8cc8-1fc43a2ccd4a
behavior_754566_2024-11-13_09-17-20,s3://aind-private-data-prod-o5171v/behavior_754566_2024-11-13_09-17-20,2b8ae13d-ad58-4e90-a5fa-68c8ef1e56d3
behavior_754566_2024-11-14_09-23-19,s3://aind-private-data-prod-o5171v/behavior_754566_2024-11-14_09-23-19,15ea5588-e808-48ac-9a4d-7382f847a85e
behavior_754566_2024-11-15_09-22-53,s3://aind-private-data-prod-o5171v/behavior_754566_2024-11-15_09-22-53,4969fba3-2ac4-4b56-898a-d37cdcea2ab8
behavior_754566_2024-11-18_17-23-28,s3://aind-open-data/behavior_754566_2024-11-18_17-23-28,c7fd3698-afd8-40d6-bb77-53ed74376759
behavior_754566_2024-11-19_09-26-21,s3://aind-private-data-prod-o5171v/behavior_754566_2024-11-19_09-26-21,285f6f82-fbba-4da3-ad9b-8d5854afc8bf
behavior_754566_2024-11-20_09-17-41,s3://aind-private-data-prod-o5171v/behavior_754566_2024-11-20_09-17-41,beebef37-674b-46e4-ac55-6887baba4521
behavior_754566_2024-11-21_09-27-56,s3://aind-private-data-prod-o5171v/behavior_754566_2024-11-21_09-27-56,27ff4461-a476-4226-a360-cb0ab6047b45
behavior_754566_2024-11-22_09-39-32,s3://aind-private-data-prod-o5171v/behavior_754566_2024-11-22_09-39-32,2dc5afe3-bc7f-4dc1-815a-d1b92b5aa867
behavior_754566_2024-11-23_10-40-12,s3://aind-private-data-prod-o5171v/behavior_754566_2024-11-23_10-40-12,eddb881a-f72c-4c79-b32d-3a034b389d57
behavior_754566_2024-11-25_09-37-09,s3://aind-private-data-prod-o5171v/behavior_754566_2024-11-25_09-37-09,84f35ed1-f890-472d-8cf7-d1012fe60ef7
behavior_754566_2024-11-26_10-06-58,s3://aind-private-data-prod-o5171v/behavior_754566_2024-11-26_10-06-58,c07b6474-15da-452e-bc6b-4ef7342d66d8
behavior_754566_2024-11-27_10-01-18,s3://aind-private-data-prod-o5171v/behavior_754566_2024-11-27_10-01-18,db156312-5eb3-4a8c-aad8-307edc1b05bd
behavior_754566_2024-11-29_10-23-16,s3://aind-private-data-prod-o5171v/behavior_754566_2024-11-29_10-23-16,ccbd6650-4938-4731-a82e-782befe50235
behavior_754566_2024-11-30_10-40-20,s3://aind-private-data-prod-o5171v/behavior_754566_2024-11-30_10-40-20,13eb6400-5aa4-4165-98d2-f924d984b32e
behavior_754566_2024-12-02_10-11-26,s3://aind-private-data-prod-o5171v/behavior_754566_2024-12-02_10-11-26,a37f63fc-6617-41be-9270-e299f96692d1
behavior_754566_2024-12-03_09-43-45,s3://aind-private-data-prod-o5171v/behavior_754566_2024-12-03_09-43-45,c1d4f5b1-da49-4138-8559-384fb7191a76
behavior_754566_2024-12-04_09-17-17,s3://aind-private-data-prod-o5171v/behavior_754566_2024-12-04_09-17-17,45b5032f-85a3-4e50-9599-974d05c93c8d
behavior_754566_2024-12-05_09-41-30,s3://aind-private-data-prod-o5171v/behavior_754566_2024-12-05_09-41-30,c500d548-e17b-4d6e-a189-ea3393bed894
behavior_754566_2024-12-06_09-51-01,s3://aind-private-data-prod-o5171v/behavior_754566_2024-12-06_09-51-01,a8fcac1b-fa75-40cc-b268-6e7f50504220
behavior_754566_2024-12-07_10-48-36,s3://aind-private-data-prod-o5171v/behavior_754566_2024-12-07_10-48-36,a346dc6c-f109-4bb0-8cb1-8c62e7154d0f
behavior_754566_2024-12-09_09-19-46,s3://aind-private-data-prod-o5171v/behavior_754566_2024-12-09_09-19-46,de40755d-eb91-4044-ae5a-96b3b867a567
behavior_754566_2024-12-10_09-10-14,s3://aind-private-data-prod-o5171v/behavior_754566_2024-12-10_09-10-14,87b22e4a-5e7b-44ea-8297-1b9a54ac2ae1
behavior_754566_2024-12-11_10-15-06,s3://aind-private-data-prod-o5171v/behavior_754566_2024-12-11_10-15-06,a8663468-5691-44e2-95ea-8c15a72a3ca5
behavior_754566_2024-12-12_09-07-40,s3://aind-private-data-prod-o5171v/behavior_754566_2024-12-12_09-07-40,9eb0be9f-d960-4b6e-9299-2c800513deb8
behavior_754566_2024-12-13_09-41-38,s3://aind-private-data-prod-o5171v/behavior_754566_2024-12-13_09-41-38,e4a51b7c-ab53-461e-b381-e91160ac225d
behavior_754566_2024-12-16_09-35-05,s3://aind-private-data-prod-o5171v/behavior_754566_2024-12-16_09-35-05,b77ee62a-1139-4988-91f7-46c4f406177f
behavior_754566_2024-12-17_09-39-33,s3://aind-private-data-prod-o5171v/behavior_754566_2024-12-17_09-39-33,bc3a65da-0e50-4f42-9093-360fd2128d03
behavior_754566_2024-12-18_09-27-45,s3://aind-private-data-prod-o5171v/behavior_754566_2024-12-18_09-27-45,a939a9b0-e010-4dc1-a0b8-72a6f5e97fde
behavior_754567_2024-09-03_13-49-21,s3://aind-private-data-prod-o5171v/behavior_754567_2024-09-03_13-49-21,f8aef72e-d6ef-4316-b735-573ff811da28
behavior_754567_2024-09-04_13-57-49,s3://aind-private-data-prod-o5171v/behavior_754567_2024-09-04_13-57-49,cbc55f22-d34a-44b9-a7cf-3e529e4c91cf
behavior_754567_2024-09-05_13-12-18,s3://aind-private-data-prod-o5171v/behavior_754567_2024-09-05_13-12-18,aa8efb5e-a3d0-41f3-ac9a-8504975b8661
behavior_754567_2024-09-06_12-40-39,s3://aind-private-data-prod-o5171v/behavior_754567_2024-09-06_12-40-39,49f660be-8de5-4207-9ce5-400d0e7eb121
behavior_754567_2024-09-11_15-05-35,s3://aind-private-data-prod-o5171v/behavior_754567_2024-09-11_15-05-35,1bf3b081-6e99-48ec-add5-62fca4ad2235
behavior_754567_2024-09-12_14-02-24,s3://aind-private-data-prod-o5171v/behavior_754567_2024-09-12_14-02-24,4d412bea-8c51-4cda-9254-f36ed8194d4e
behavior_754567_2024-09-13_14-07-30,s3://aind-private-data-prod-o5171v/behavior_754567_2024-09-13_14-07-30,e0a1c4ff-0206-47ee-a66c-34fdeaf0bfac
behavior_754567_2024-09-16_14-08-27,s3://aind-private-data-prod-o5171v/behavior_754567_2024-09-16_14-08-27,0d8fa8cf-ad9e-4df3-b886-8c0193e7f17b
behavior_754567_2024-09-17_12-18-38,s3://aind-private-data-prod-o5171v/behavior_754567_2024-09-17_12-18-38,d611a3c3-8ea8-42bb-b915-57c478f56e8d
behavior_754567_2024-09-18_13-03-38,s3://aind-private-data-prod-o5171v/behavior_754567_2024-09-18_13-03-38,519fcfac-fcbb-42d7-8a12-268ffce2777d
behavior_754567_2024-09-19_13-04-08,s3://aind-private-data-prod-o5171v/behavior_754567_2024-09-19_13-04-08,52ba9500-b1a2-41ec-828b-4a928e769978
behavior_754567_2024-09-20_13-40-49,s3://aind-private-data-prod-o5171v/behavior_754567_2024-09-20_13-40-49,338d8028-b565-497a-a1a2-71a2180f8a3d
behavior_754567_2024-09-23_12-54-00,s3://aind-private-data-prod-o5171v/behavior_754567_2024-09-23_12-54-00,7d9d9537-64c6-46b9-9226-038e81608ff8
behavior_754567_2024-09-24_13-04-33,s3://aind-private-data-prod-o5171v/behavior_754567_2024-09-24_13-04-33,4c653c55-71af-453c-aff5-601981d838c2
behavior_754567_2024-09-25_13-15-01,s3://aind-private-data-prod-o5171v/behavior_754567_2024-09-25_13-15-01,a52aaf49-1ca9-41c4-93d3-cd7d95417d56
behavior_754567_2024-09-26_13-06-36,s3://aind-private-data-prod-o5171v/behavior_754567_2024-09-26_13-06-36,ac936c3c-efb3-4030-9883-d5aa98c3fd2b
behavior_754567_2024-09-27_12-43-04,s3://aind-private-data-prod-o5171v/behavior_754567_2024-09-27_12-43-04,401ee3fc-71a0-45b8-beb9-4259e5d11e9d
behavior_754567_2024-09-30_12-32-36,s3://aind-private-data-prod-o5171v/behavior_754567_2024-09-30_12-32-36,b1032bc0-69ed-4aa7-8601-b1dbf7f0353c
behavior_754567_2024-10-01_13-09-55,s3://aind-private-data-prod-o5171v/behavior_754567_2024-10-01_13-09-55,df3eaca6-544e-4567-8e0f-0c498b6918ca
behavior_754567_2024-10-02_13-23-41,s3://aind-private-data-prod-o5171v/behavior_754567_2024-10-02_13-23-41,9bdc6f79-6874-470c-8a8c-f9969f049978
behavior_754567_2024-10-03_13-04-53,s3://aind-private-data-prod-o5171v/behavior_754567_2024-10-03_13-04-53,6093836a-0940-4159-983a-bd9fcdcc3340
behavior_754567_2024-10-04_12-51-35,s3://aind-private-data-prod-o5171v/behavior_754567_2024-10-04_12-51-35,c7e0250c-dd80-4b66-991e-8ef81f29eafb
behavior_754567_2024-10-07_13-08-35,s3://aind-private-data-prod-o5171v/behavior_754567_2024-10-07_13-08-35,0c413674-47ae-416f-a3aa-728bec029e99
behavior_754567_2024-10-08_12-59-34,s3://aind-private-data-prod-o5171v/behavior_754567_2024-10-08_12-59-34,248ae86a-9ad5-431c-a86c-f8b17ecf77ef
behavior_754567_2024-10-09_13-29-33,s3://aind-private-data-prod-o5171v/behavior_754567_2024-10-09_13-29-33,6896f55b-5037-49c1-8ccc-aff4fda9378b
behavior_754567_2024-10-10_13-14-23,s3://aind-private-data-prod-o5171v/behavior_754567_2024-10-10_13-14-23,feae0def-cf8e-44b5-a9ed-7c93d2a97073
behavior_754567_2024-10-11_13-31-17,s3://aind-private-data-prod-o5171v/behavior_754567_2024-10-11_13-31-17,81a11497-1bf5-43c8-9e59-967fea79ff60
behavior_754567_2024-10-14_13-23-29,s3://aind-private-data-prod-o5171v/behavior_754567_2024-10-14_13-23-29,21c3e622-84b6-4a88-878c-33e8f9519928
behavior_754567_2024-10-15_13-13-22,s3://aind-private-data-prod-o5171v/behavior_754567_2024-10-15_13-13-22,b797f2f8-8ca5-49f0-b701-35db72fa03d9
behavior_754567_2024-10-16_13-12-52,s3://aind-private-data-prod-o5171v/behavior_754567_2024-10-16_13-12-52,aa64c5a1-fdfd-4c47-9fa1-18aa1ea1c2c5
behavior_754567_2024-10-18_13-26-00,s3://aind-private-data-prod-o5171v/behavior_754567_2024-10-18_13-26-00,36c84a72-0520-47cd-81ba-bc5fcd6f2bf4
behavior_754567_2024-10-20_13-33-59,s3://aind-private-data-prod-o5171v/behavior_754567_2024-10-20_13-33-59,91d01fbf-c890-44fb-b342-03d23ee5e3ee
behavior_754567_2024-10-21_13-02-37,s3://aind-private-data-prod-o5171v/behavior_754567_2024-10-21_13-02-37,fbc4a727-31cd-47e8-978e-a62e61c89c88
behavior_754567_2024-10-22_13-10-47,s3://aind-private-data-prod-o5171v/behavior_754567_2024-10-22_13-10-47,11cef159-9ccc-4f1f-b0cc-006fcce1082c
behavior_754567_2024-10-23_13-11-17,s3://aind-private-data-prod-o5171v/behavior_754567_2024-10-23_13-11-17,fa9b9823-2fdd-44d9-a16a-532777462c9a
behavior_754567_2024-10-24_13-00-11,s3://aind-private-data-prod-o5171v/behavior_754567_2024-10-24_13-00-11,61e294f3-9ec1-422d-bf57-66da45a95fa9
behavior_754567_2024-10-25_13-31-36,s3://aind-private-data-prod-o5171v/behavior_754567_2024-10-25_13-31-36,305b334c-c306-4891-87ae-ff21295dbb04
behavior_754567_2024-10-26_12-38-37,s3://aind-private-data-prod-o5171v/behavior_754567_2024-10-26_12-38-37,2c060a66-b4f8-4b59-94d1-3da34afa2037
behavior_754567_2024-10-27_12-49-51,s3://aind-private-data-prod-o5171v/behavior_754567_2024-10-27_12-49-51,7ddd237a-bd47-4288-8da5-f2e367d67860
behavior_754567_2024-10-28_13-17-15,s3://aind-private-data-prod-o5171v/behavior_754567_2024-10-28_13-17-15,3a54861c-93da-4905-bd48-7dedc2415e42
behavior_754567_2024-10-29_13-04-50,s3://aind-private-data-prod-o5171v/behavior_754567_2024-10-29_13-04-50,e889b95d-3edf-4340-82f4-a42f1fde3bd9
behavior_754567_2024-10-30_13-22-42,s3://aind-private-data-prod-o5171v/behavior_754567_2024-10-30_13-22-42,76195378-98ca-4818-a2cd-08a89ea4b460
behavior_754567_2024-11-05_13-33-30,s3://aind-private-data-prod-o5171v/behavior_754567_2024-11-05_13-33-30,a6f6a738-6ee3-4c2d-9a59-cf5b9f1cdf30
behavior_754567_2024-11-06_13-23-50,s3://aind-private-data-prod-o5171v/behavior_754567_2024-11-06_13-23-50,55e986b8-a113-4ae6-a972-98f6933fe174
behavior_754567_2024-11-07_13-20-18,s3://aind-private-data-prod-o5171v/behavior_754567_2024-11-07_13-20-18,16c0dfa1-0860-445f-a29e-11916f0ebb7f
behavior_754567_2024-11-08_13-27-26,s3://aind-private-data-prod-o5171v/behavior_754567_2024-11-08_13-27-26,a8fe13a5-836d-4b89-b705-bf2a12111a6f
behavior_754567_2024-11-11_13-07-35,s3://aind-private-data-prod-o5171v/behavior_754567_2024-11-11_13-07-35,f697cf44-2623-45fa-9601-2c131ec87e71
behavior_754567_2024-11-12_13-11-44,s3://aind-private-data-prod-o5171v/behavior_754567_2024-11-12_13-11-44,e9964b05-1606-49d7-9a2b-3b5149c7c1c7
behavior_754567_2024-11-13_13-08-14,s3://aind-private-data-prod-o5171v/behavior_754567_2024-11-13_13-08-14,f59fc96d-a5e5-4167-8f7b-fd1189bae082
behavior_754567_2024-11-14_13-13-06,s3://aind-private-data-prod-o5171v/behavior_754567_2024-11-14_13-13-06,9640c329-60b3-45ca-8fe7-1e1e7561a922
behavior_754567_2024-11-15_13-27-51,s3://aind-private-data-prod-o5171v/behavior_754567_2024-11-15_13-27-51,ab61fa6b-dc3c-4d1f-a19f-d35bd7da5c40
behavior_754567_2024-11-18_13-00-07,s3://aind-private-data-prod-o5171v/behavior_754567_2024-11-18_13-00-07,b6e99efd-0fd1-4613-81f1-64c93fd12951
behavior_754567_2024-11-19_13-13-11,s3://aind-private-data-prod-o5171v/behavior_754567_2024-11-19_13-13-11,527be288-1139-412a-820e-5cc57d2c876a
behavior_754567_2024-11-21_13-03-59,s3://aind-private-data-prod-o5171v/behavior_754567_2024-11-21_13-03-59,d96e787a-724e-4ed7-ab4d-f0a21f9b4ec2
behavior_754567_2024-11-22_13-06-43,s3://aind-private-data-prod-o5171v/behavior_754567_2024-11-22_13-06-43,9acce2f7-cc2e-490d-82e7-1f4843c75c94
behavior_754567_2024-11-23_13-10-58,s3://aind-private-data-prod-o5171v/behavior_754567_2024-11-23_13-10-58,54a48084-6e4a-48a3-ac91-c09fefe1c004
behavior_754567_2024-11-25_13-11-30,s3://aind-private-data-prod-o5171v/behavior_754567_2024-11-25_13-11-30,a7489c23-100e-4f66-99d1-ec1349b12f07
behavior_754567_2024-11-26_13-10-52,s3://aind-private-data-prod-o5171v/behavior_754567_2024-11-26_13-10-52,b6748a2a-9b62-42ae-937b-6a19c0b4c1b1
behavior_754567_2024-11-27_13-36-08,s3://aind-private-data-prod-o5171v/behavior_754567_2024-11-27_13-36-08,e8f13010-d081-423c-bda0-397f7a9a2e5d
behavior_754567_2024-11-29_13-06-25,s3://aind-private-data-prod-o5171v/behavior_754567_2024-11-29_13-06-25,32e82977-c71e-4b15-b216-9d53470ae180
behavior_754567_2024-11-30_13-10-35,s3://aind-private-data-prod-o5171v/behavior_754567_2024-11-30_13-10-35,01c5cf0c-8f62-449e-96e8-c201279cdb8d
behavior_754567_2024-12-02_13-15-30,s3://aind-private-data-prod-o5171v/behavior_754567_2024-12-02_13-15-30,026244d2-1f5a-413e-8fae-49831462c60e
behavior_754567_2024-12-03_12-59-56,s3://aind-private-data-prod-o5171v/behavior_754567_2024-12-03_12-59-56,50c5bc5e-8b36-462f-8e4c-0a161a18a8e4
behavior_754567_2024-12-04_13-04-47,s3://aind-private-data-prod-o5171v/behavior_754567_2024-12-04_13-04-47,0ee64db0-5a14-46e5-a910-dc2684ae3971
behavior_754567_2024-12-05_13-08-49,s3://aind-private-data-prod-o5171v/behavior_754567_2024-12-05_13-08-49,701199f0-0f23-4b33-a10a-5c0b03030c63
behavior_754567_2024-12-06_13-17-27,s3://aind-private-data-prod-o5171v/behavior_754567_2024-12-06_13-17-27,73182d84-38ae-4253-9394-7c8cb26b2aa6
behavior_754567_2024-12-07_14-03-20,s3://aind-private-data-prod-o5171v/behavior_754567_2024-12-07_14-03-20,088f7078-df48-4239-ba1b-3bb7769dc94a
behavior_754567_2024-12-09_09-20-17,s3://aind-private-data-prod-o5171v/behavior_754567_2024-12-09_09-20-17,618f155a-41e0-41cb-8faa-5ad628bf1353
behavior_754567_2024-12-10_09-12-53,s3://aind-private-data-prod-o5171v/behavior_754567_2024-12-10_09-12-53,e4570ab2-8f2b-48d9-8d87-bb06ea224451
behavior_754567_2024-12-11_09-46-36,s3://aind-private-data-prod-o5171v/behavior_754567_2024-12-11_09-46-36,8b297700-4100-4e7b-b655-1ea5483ab2df
behavior_754567_2024-12-12_09-08-10,s3://aind-private-data-prod-o5171v/behavior_754567_2024-12-12_09-08-10,977f4bfa-6963-4821-bdf9-19ccd867b764
behavior_754567_2024-12-13_09-42-13,s3://aind-private-data-prod-o5171v/behavior_754567_2024-12-13_09-42-13,3720dbea-18fb-4c91-ab2a-30a56e29baa9
behavior_754567_2024-12-16_09-35-28,s3://aind-private-data-prod-o5171v/behavior_754567_2024-12-16_09-35-28,459f766d-2875-40ff-bdb4-8ad4b143ed2d
behavior_754567_2024-12-17_09-39-53,s3://aind-private-data-prod-o5171v/behavior_754567_2024-12-17_09-39-53,80d0765f-c736-4efb-abfa-c7d67b5b73e8
behavior_754567_2024-12-18_09-28-05,s3://aind-private-data-prod-o5171v/behavior_754567_2024-12-18_09-28-05,a72589de-0879-4cc8-9753-32e6b702c782
behavior_754570_2024-09-03_12-27-12,s3://aind-private-data-prod-o5171v/behavior_754570_2024-09-03_12-27-12,d6aa381b-7175-4f89-bc76-5a592ebb28ee
behavior_754570_2024-09-04_11-40-53,s3://aind-private-data-prod-o5171v/behavior_754570_2024-09-04_11-40-53,422ab281-7da7-4373-859f-c033551f6144
behavior_754570_2024-09-05_11-29-58,s3://aind-private-data-prod-o5171v/behavior_754570_2024-09-05_11-29-58,890015d0-ba7c-4b7a-92b5-fb6aceba8398
behavior_754570_2024-09-06_10-58-52,s3://aind-private-data-prod-o5171v/behavior_754570_2024-09-06_10-58-52,b07ab4c8-4a65-4c16-952d-cfd138a7740b
behavior_754570_2024-09-11_13-19-19,s3://aind-private-data-prod-o5171v/behavior_754570_2024-09-11_13-19-19,0230eaa9-0a80-428e-af4d-253a3ae8883b
behavior_754570_2024-09-12_11-01-12,s3://aind-private-data-prod-o5171v/behavior_754570_2024-09-12_11-01-12,700547d3-5260-43c7-a1dd-77b67fe69640
behavior_754570_2024-09-13_11-13-33,s3://aind-private-data-prod-o5171v/behavior_754570_2024-09-13_11-13-33,5ee69937-9ed2-4536-8f4e-1bc43e0350e5
behavior_754570_2024-09-16_11-15-12,s3://aind-private-data-prod-o5171v/behavior_754570_2024-09-16_11-15-12,aee78a40-e5de-472a-8d59-7f001357a59d
behavior_754570_2024-09-17_11-06-55,s3://aind-private-data-prod-o5171v/behavior_754570_2024-09-17_11-06-55,561529d2-e944-4ece-bd1f-c76aeaaf4765
behavior_754570_2024-09-18_11-36-19,s3://aind-private-data-prod-o5171v/behavior_754570_2024-09-18_11-36-19,5a3d7e7b-7505-4e1d-8736-29b0fd0fd877
behavior_754570_2024-09-19_11-00-23,s3://aind-private-data-prod-o5171v/behavior_754570_2024-09-19_11-00-23,c727b98a-1711-472e-ab94-e8d6eb37d9dd
behavior_754570_2024-09-20_10-49-59,s3://aind-private-data-prod-o5171v/behavior_754570_2024-09-20_10-49-59,2672809b-099f-4a7f-8c23-6f5218b0ff5e
behavior_754570_2024-09-23_10-47-00,s3://aind-private-data-prod-o5171v/behavior_754570_2024-09-23_10-47-00,9aba470f-9b50-4190-b06e-dbd72a19424d
behavior_754570_2024-09-24_11-04-56,s3://aind-private-data-prod-o5171v/behavior_754570_2024-09-24_11-04-56,0dc24648-cbb9-49e4-8ca4-eea9cf0cfe06
behavior_754570_2024-09-25_11-06-35,s3://aind-private-data-prod-o5171v/behavior_754570_2024-09-25_11-06-35,443c3613-4135-4ac3-9408-505f7ccc6dd3
behavior_754570_2024-09-26_10-50-51,s3://aind-private-data-prod-o5171v/behavior_754570_2024-09-26_10-50-51,15262bca-299b-4865-898f-afa6e5c72009
behavior_754570_2024-09-27_10-47-22,s3://aind-private-data-prod-o5171v/behavior_754570_2024-09-27_10-47-22,04d6fe11-cb3a-4c6a-a388-fb7d6af12835
behavior_754570_2024-09-30_10-42-39,s3://aind-private-data-prod-o5171v/behavior_754570_2024-09-30_10-42-39,0a319a89-51b3-4e3b-add6-b1d3c3921b4d
behavior_754570_2024-10-01_10-43-18,s3://aind-private-data-prod-o5171v/behavior_754570_2024-10-01_10-43-18,fd20390a-80cc-4a4a-b510-06598567798a
behavior_754570_2024-10-02_11-14-28,s3://aind-private-data-prod-o5171v/behavior_754570_2024-10-02_11-14-28,574e5120-e1a1-4fd4-8b33-33af3c9bddc6
behavior_754570_2024-10-03_11-19-37,s3://aind-private-data-prod-o5171v/behavior_754570_2024-10-03_11-19-37,60ab1246-bc18-4af6-bf0e-a8794b130669
behavior_754570_2024-10-04_11-04-25,s3://aind-private-data-prod-o5171v/behavior_754570_2024-10-04_11-04-25,a000eb78-2f6b-460e-958d-b88c97e134bb
behavior_754570_2024-10-07_11-19-14,s3://aind-private-data-prod-o5171v/behavior_754570_2024-10-07_11-19-14,29222352-e768-4a3b-b721-4ce13f5bff49
behavior_754570_2024-10-08_11-09-07,s3://aind-private-data-prod-o5171v/behavior_754570_2024-10-08_11-09-07,983bf460-e325-4dc9-8997-5e7c21a4ecef
behavior_754570_2024-10-09_11-17-32,s3://aind-private-data-prod-o5171v/behavior_754570_2024-10-09_11-17-32,00e08cdb-e136-4799-bd5e-fac172cf62e9
behavior_754570_2024-10-10_11-04-38,s3://aind-private-data-prod-o5171v/behavior_754570_2024-10-10_11-04-38,2b86420f-373d-4045-9a24-4f3454e2c590
behavior_754570_2024-10-11_11-22-57,s3://aind-private-data-prod-o5171v/behavior_754570_2024-10-11_11-22-57,cbe5cdd8-2c93-4252-8816-f3c75a2850c1
behavior_754570_2024-10-14_11-09-43,s3://aind-private-data-prod-o5171v/behavior_754570_2024-10-14_11-09-43,5fd149ee-3422-41b0-9f8f-e12a1b293f4b
behavior_754570_2024-10-15_11-15-06,s3://aind-private-data-prod-o5171v/behavior_754570_2024-10-15_11-15-06,9efa3075-edfc-464e-9ec3-c9e6a8fc7f81
behavior_754570_2024-10-16_11-11-59,s3://aind-private-data-prod-o5171v/behavior_754570_2024-10-16_11-11-59,2d05a64b-7a14-4ef9-bfa5-a37b974700be
behavior_754570_2024-10-17_11-13-07,s3://aind-private-data-prod-o5171v/behavior_754570_2024-10-17_11-13-07,9502166f-3232-4907-890f-a38b0895bcc0
behavior_754570_2024-10-18_11-15-29,s3://aind-private-data-prod-o5171v/behavior_754570_2024-10-18_11-15-29,d5cd52d0-d2ce-48ce-9e03-fa1585ec9414
behavior_754570_2024-10-20_12-07-31,s3://aind-private-data-prod-o5171v/behavior_754570_2024-10-20_12-07-31,13b9ac82-59aa-4a21-93f3-772af8d9df84
behavior_754570_2024-10-21_11-15-33,s3://aind-private-data-prod-o5171v/behavior_754570_2024-10-21_11-15-33,258ee5b1-f6e3-4ca2-b1de-a0b51adadf25
behavior_754570_2024-10-22_11-09-27,s3://aind-private-data-prod-o5171v/behavior_754570_2024-10-22_11-09-27,03c11235-9917-4e55-8d09-a8fd6739f512
behavior_754570_2024-10-23_10-58-14,s3://aind-private-data-prod-o5171v/behavior_754570_2024-10-23_10-58-14,55c3d5c5-d22d-4d8a-9d8b-a6c28f1bfae4
behavior_754570_2024-10-24_10-59-53,s3://aind-private-data-prod-o5171v/behavior_754570_2024-10-24_10-59-53,f8b55d60-56bd-4e67-867f-a506c99e2e63
behavior_754570_2024-10-25_10-37-45,s3://aind-private-data-prod-o5171v/behavior_754570_2024-10-25_10-37-45,628ad991-495c-4e3b-b412-81a6968a030a
behavior_754570_2024-10-26_11-06-18,s3://aind-private-data-prod-o5171v/behavior_754570_2024-10-26_11-06-18,d9051720-8b32-4b93-9f97-7e6dbdc80f0c
behavior_754570_2024-10-27_11-42-18,s3://aind-private-data-prod-o5171v/behavior_754570_2024-10-27_11-42-18,92bf658c-2748-4b2a-aa6e-dedf0132457d
behavior_754570_2024-10-28_10-49-31,s3://aind-private-data-prod-o5171v/behavior_754570_2024-10-28_10-49-31,9e6339cf-cd47-4d57-a8f8-e11298cbc4ec
behavior_754570_2024-10-29_10-59-23,s3://aind-private-data-prod-o5171v/behavior_754570_2024-10-29_10-59-23,425fe621-d586-46fb-b0c9-a1e7479f8718
behavior_754570_2024-10-30_10-53-36,s3://aind-private-data-prod-o5171v/behavior_754570_2024-10-30_10-53-36,ec144250-9ca7-4643-99a4-be8943087799
behavior_754570_2024-11-05_10-57-30,s3://aind-private-data-prod-o5171v/behavior_754570_2024-11-05_10-57-30,b5901bfc-da04-46f7-a8ba-b0e9aa731bf3
behavior_754570_2024-11-06_11-13-20,s3://aind-private-data-prod-o5171v/behavior_754570_2024-11-06_11-13-20,e709e05b-e1eb-4458-beac-a51c5adb6e95
behavior_754570_2024-11-07_10-56-32,s3://aind-private-data-prod-o5171v/behavior_754570_2024-11-07_10-56-32,5acd0a89-8f8d-4567-a1b8-f4377e9d7916
behavior_754570_2024-11-08_10-36-32,s3://aind-private-data-prod-o5171v/behavior_754570_2024-11-08_10-36-32,647a278c-a754-4889-b249-bd06c3a0620e
behavior_754570_2024-11-11_10-46-30,s3://aind-private-data-prod-o5171v/behavior_754570_2024-11-11_10-46-30,969c19e4-c857-4f46-9886-7779ecabd88d
behavior_754570_2024-11-12_11-39-30,s3://aind-private-data-prod-o5171v/behavior_754570_2024-11-12_11-39-30,9bd2ca89-47c3-425a-aade-d29baa200723
behavior_754570_2024-11-13_11-00-43,s3://aind-private-data-prod-o5171v/behavior_754570_2024-11-13_11-00-43,606f5d66-0023-45e4-8ad1-3dd6a18c301b
behavior_754570_2024-11-14_11-14-44,s3://aind-private-data-prod-o5171v/behavior_754570_2024-11-14_11-14-44,af801bbb-9fc2-44d6-b176-064dcb0d853f
behavior_754570_2024-11-15_10-56-04,s3://aind-private-data-prod-o5171v/behavior_754570_2024-11-15_10-56-04,8e34103d-a5a3-4e20-8f07-df41de46fddd
behavior_754570_2024-11-18_11-05-11,s3://aind-private-data-prod-o5171v/behavior_754570_2024-11-18_11-05-11,840c05d1-8175-4d92-82b3-e7e7c9dd3608
behavior_754570_2024-11-19_10-50-19,s3://aind-private-data-prod-o5171v/behavior_754570_2024-11-19_10-50-19,0691053a-abab-4f6d-81a6-c5498f4a1f96
behavior_754570_2024-11-20_11-05-25,s3://aind-private-data-prod-o5171v/behavior_754570_2024-11-20_11-05-25,09852b62-78b5-4400-b5da-fcddd6bc4f08
behavior_754570_2024-11-21_10-55-18,s3://aind-private-data-prod-o5171v/behavior_754570_2024-11-21_10-55-18,c9dddaab-8b27-4a95-b1ab-b86d98be09b5
behavior_754570_2024-11-22_11-11-21,s3://aind-private-data-prod-o5171v/behavior_754570_2024-11-22_11-11-21,54458a1a-b359-40d8-bd64-257460718d03
behavior_754570_2024-11-23_11-59-25,s3://aind-private-data-prod-o5171v/behavior_754570_2024-11-23_11-59-25,bd5baad0-15b3-431a-ad82-b1b8e37df8cd
behavior_754570_2024-11-25_11-25-10,s3://aind-private-data-prod-o5171v/behavior_754570_2024-11-25_11-25-10,59b93b5c-0c72-4422-84ed-038015d9a7e3
behavior_754570_2024-11-26_11-48-45,s3://aind-private-data-prod-o5171v/behavior_754570_2024-11-26_11-48-45,8318222d-7345-468e-be69-f04cdf2d50f5
behavior_754570_2024-11-27_11-28-51,s3://aind-private-data-prod-o5171v/behavior_754570_2024-11-27_11-28-51,2a6a63b9-fddc-4c92-8835-44c8852245ad
behavior_754570_2024-11-29_11-47-45,s3://aind-private-data-prod-o5171v/behavior_754570_2024-11-29_11-47-45,c5247442-c51a-48f2-9fd3-6fcf3f1b606f
behavior_754570_2024-11-30_11-55-44,s3://aind-private-data-prod-o5171v/behavior_754570_2024-11-30_11-55-44,1d85305c-7448-4d55-af35-dfbc4c4c29bb
behavior_754570_2024-12-02_11-47-10,s3://aind-private-data-prod-o5171v/behavior_754570_2024-12-02_11-47-10,9b732f02-ae08-42d3-a03e-d6553be67e20
behavior_754570_2024-12-03_11-12-15,s3://aind-private-data-prod-o5171v/behavior_754570_2024-12-03_11-12-15,8cc2aeb7-ca64-4a9c-be38-a24450e2f92d
behavior_754570_2024-12-04_11-07-02,s3://aind-private-data-prod-o5171v/behavior_754570_2024-12-04_11-07-02,ef17360d-5dd0-462e-ae77-349ed54f4233
behavior_754570_2024-12-05_11-13-34,s3://aind-private-data-prod-o5171v/behavior_754570_2024-12-05_11-13-34,c8ea1659-dfdb-4fd7-b670-af3ba3b2c260
behavior_754570_2024-12-06_11-24-53,s3://aind-private-data-prod-o5171v/behavior_754570_2024-12-06_11-24-53,b443b4c7-5397-4a8e-8a63-addd2420bb8a
behavior_754570_2024-12-07_12-43-26,s3://aind-private-data-prod-o5171v/behavior_754570_2024-12-07_12-43-26,6b640556-f41b-4cfc-ac72-0acf26eacd6e
behavior_754570_2024-12-09_11-33-36,s3://aind-private-data-prod-o5171v/behavior_754570_2024-12-09_11-33-36,f4bac807-f7de-4b6e-9785-8e70be57e304
behavior_754570_2024-12-10_11-22-25,s3://aind-private-data-prod-o5171v/behavior_754570_2024-12-10_11-22-25,9c2975c3-3858-4e4e-a22e-7ded408e2800
behavior_754570_2024-12-11_11-41-09,s3://aind-private-data-prod-o5171v/behavior_754570_2024-12-11_11-41-09,3387331f-ac4c-4b9a-aed3-23e82c641c48
behavior_754570_2024-12-12_10-58-14,s3://aind-private-data-prod-o5171v/behavior_754570_2024-12-12_10-58-14,c0de1040-4d82-4224-9b53-f7ff18d46a89
behavior_754570_2024-12-13_11-25-11,s3://aind-private-data-prod-o5171v/behavior_754570_2024-12-13_11-25-11,f8e85a56-189e-4d20-892e-8c34d2a62644
behavior_754570_2024-12-16_11-28-11,s3://aind-private-data-prod-o5171v/behavior_754570_2024-12-16_11-28-11,d2586228-456a-4fb6-ba52-a1202cf3dc7b
behavior_754570_2024-12-17_11-01-32,s3://aind-private-data-prod-o5171v/behavior_754570_2024-12-17_11-01-32,60c3fdfd-09cf-4d12-906c-58689b88d0b4
behavior_754570_2024-12-18_10-44-04,s3://aind-private-data-prod-o5171v/behavior_754570_2024-12-18_10-44-04,fc9b5fc7-25cb-4555-be9e-b44821705ec1
behavior_754571_2024-09-03_11-33-50,s3://aind-private-data-prod-o5171v/behavior_754571_2024-09-03_11-33-50,9eb85ca9-6796-4f30-9dae-0037935367fe
behavior_754571_2024-09-04_11-08-06,s3://aind-private-data-prod-o5171v/behavior_754571_2024-09-04_11-08-06,e23dbbd4-47f9-4a0a-9b14-cc44b220ef8f
behavior_754571_2024-09-05_11-22-21,s3://aind-private-data-prod-o5171v/behavior_754571_2024-09-05_11-22-21,326c2d6d-60d2-43de-abdf-fac8db7da0b5
behavior_754571_2024-09-06_10-50-24,s3://aind-private-data-prod-o5171v/behavior_754571_2024-09-06_10-50-24,2244a104-b622-4245-b144-a8d001e48430
behavior_754571_2024-09-11_13-09-27,s3://aind-private-data-prod-o5171v/behavior_754571_2024-09-11_13-09-27,cd208a69-ab0c-4693-8ad6-72a83f0cea4e
behavior_754571_2024-09-12_10-52-21,s3://aind-private-data-prod-o5171v/behavior_754571_2024-09-12_10-52-21,294fc94c-b6e8-4382-a8a0-06002c007470
behavior_754571_2024-09-13_11-05-36,s3://aind-private-data-prod-o5171v/behavior_754571_2024-09-13_11-05-36,cc2a874b-c189-4dda-ad12-d31f1723fd0e
behavior_754571_2024-09-16_11-08-13,s3://aind-private-data-prod-o5171v/behavior_754571_2024-09-16_11-08-13,f6ebc7f3-6a46-4dfe-b0c2-3640a96bab20
behavior_754571_2024-09-17_10-55-42,s3://aind-private-data-prod-o5171v/behavior_754571_2024-09-17_10-55-42,90084e4e-dcba-4417-b82a-5450c8bd1ec2
behavior_754571_2024-09-18_11-18-33,s3://aind-private-data-prod-o5171v/behavior_754571_2024-09-18_11-18-33,fa3ba690-7824-4c56-a137-bae2a114a295
behavior_754571_2024-09-19_10-59-38,s3://aind-private-data-prod-o5171v/behavior_754571_2024-09-19_10-59-38,94ca2f26-d3fd-445c-ad7f-cb3440b6db7e
behavior_754571_2024-09-20_10-42-51,s3://aind-private-data-prod-o5171v/behavior_754571_2024-09-20_10-42-51,d62158b2-362b-43d9-9e94-f168b82d19bc
behavior_754571_2024-09-23_10-46-06,s3://aind-private-data-prod-o5171v/behavior_754571_2024-09-23_10-46-06,10405845-437d-4213-968c-61d935e4fca8
behavior_754571_2024-09-24_11-03-34,s3://aind-private-data-prod-o5171v/behavior_754571_2024-09-24_11-03-34,b8d19c1c-a516-4584-a13d-067e29d58457
behavior_754571_2024-09-25_11-05-42,s3://aind-private-data-prod-o5171v/behavior_754571_2024-09-25_11-05-42,fd2d0007-b3c2-455a-80f1-5677d9e18a9b
behavior_754571_2024-09-26_10-50-03,s3://aind-private-data-prod-o5171v/behavior_754571_2024-09-26_10-50-03,b4ede543-fdc7-452e-9cd2-7bb3c1146afc
behavior_754571_2024-09-27_10-46-01,s3://aind-private-data-prod-o5171v/behavior_754571_2024-09-27_10-46-01,9d97ae8f-fbbd-4c64-9193-e4a6c10e8210
behavior_754571_2024-09-30_10-42-02,s3://aind-private-data-prod-o5171v/behavior_754571_2024-09-30_10-42-02,64de640c-d703-4abb-8877-5edfbdf3f535
behavior_754571_2024-10-01_10-42-50,s3://aind-private-data-prod-o5171v/behavior_754571_2024-10-01_10-42-50,48b218bd-ab44-4de4-a24d-9802000d42b3
behavior_754571_2024-10-02_11-22-03,s3://aind-private-data-prod-o5171v/behavior_754571_2024-10-02_11-22-03,dbce26d2-be1d-471d-b27a-ea9b3eb281aa
behavior_754571_2024-10-03_11-18-06,s3://aind-private-data-prod-o5171v/behavior_754571_2024-10-03_11-18-06,197dcee8-561c-4430-b21d-d4c70ba5b45b
behavior_754571_2024-10-04_11-04-02,s3://aind-private-data-prod-o5171v/behavior_754571_2024-10-04_11-04-02,1a9eae15-7dc5-47bf-b7d7-6cb19c16c915
behavior_754571_2024-10-07_11-25-50,s3://aind-private-data-prod-o5171v/behavior_754571_2024-10-07_11-25-50,10c6af55-8078-4255-bdad-fd9e89335162
behavior_754571_2024-10-08_11-08-45,s3://aind-private-data-prod-o5171v/behavior_754571_2024-10-08_11-08-45,05bb38a7-333f-4ea1-8ddc-a771d157ae46
behavior_754571_2024-10-09_11-17-10,s3://aind-private-data-prod-o5171v/behavior_754571_2024-10-09_11-17-10,5e807ddd-e84e-490f-a8fd-45bdec84cefa
behavior_754571_2024-10-10_11-02-42,s3://aind-private-data-prod-o5171v/behavior_754571_2024-10-10_11-02-42,2c8ed2c3-bb7f-454f-a809-e8ebf4adf6d5
behavior_754571_2024-10-11_11-28-39,s3://aind-private-data-prod-o5171v/behavior_754571_2024-10-11_11-28-39,e2051e02-3c61-4efb-bb40-f5276c5e8e81
behavior_754571_2024-10-14_11-09-03,s3://aind-private-data-prod-o5171v/behavior_754571_2024-10-14_11-09-03,1b7c6946-f27a-42d5-ab6a-c453a584d2a1
behavior_754571_2024-10-15_11-07-50,s3://aind-private-data-prod-o5171v/behavior_754571_2024-10-15_11-07-50,0df92d3e-f6ee-4470-98a8-668b48b60135
behavior_754571_2024-10-16_11-11-07,s3://aind-private-data-prod-o5171v/behavior_754571_2024-10-16_11-11-07,f4f7e43a-111c-471b-8703-3a7aafc51954
behavior_754571_2024-10-17_11-11-38,s3://aind-private-data-prod-o5171v/behavior_754571_2024-10-17_11-11-38,e5e89bff-919f-49d6-8c2f-73c7e83049a1
behavior_754571_2024-10-18_11-14-13,s3://aind-private-data-prod-o5171v/behavior_754571_2024-10-18_11-14-13,cc7a6329-7bfc-4f2b-b7fc-12b9e4bac4f1
behavior_754571_2024-10-20_12-08-40,s3://aind-private-data-prod-o5171v/behavior_754571_2024-10-20_12-08-40,a4400a6c-87e3-4238-8b59-90f5949e04a6
behavior_754571_2024-10-21_11-26-02,s3://aind-private-data-prod-o5171v/behavior_754571_2024-10-21_11-26-02,4be2fa8e-3305-495d-9227-17c54f3a6303
behavior_754571_2024-10-22_11-08-22,s3://aind-private-data-prod-o5171v/behavior_754571_2024-10-22_11-08-22,c3d5a03d-7947-46f5-b59a-fe85bac2e266
behavior_754571_2024-10-23_10-57-47,s3://aind-private-data-prod-o5171v/behavior_754571_2024-10-23_10-57-47,8e9acd25-2a1a-4ab3-a74a-3d5904c1d32f
behavior_754571_2024-10-24_10-42-12,s3://aind-private-data-prod-o5171v/behavior_754571_2024-10-24_10-42-12,3c8389fb-185a-4835-bf5e-b1e6136e037c
behavior_754571_2024-10-25_10-37-08,s3://aind-private-data-prod-o5171v/behavior_754571_2024-10-25_10-37-08,5dbf0037-bcf6-43db-8bdc-44c1908d54e4
behavior_754571_2024-10-26_11-19-51,s3://aind-private-data-prod-o5171v/behavior_754571_2024-10-26_11-19-51,09904561-cbd0-45d0-9f61-a085ecb64292
behavior_754571_2024-10-27_11-41-56,s3://aind-private-data-prod-o5171v/behavior_754571_2024-10-27_11-41-56,685b2daa-5283-4046-af81-32428ce751ef
behavior_754571_2024-10-28_10-48-05,s3://aind-private-data-prod-o5171v/behavior_754571_2024-10-28_10-48-05,33748d6c-2102-4ccb-b19a-4661760b1a7c
behavior_754571_2024-10-29_11-08-47,s3://aind-private-data-prod-o5171v/behavior_754571_2024-10-29_11-08-47,616ac750-4fec-45f1-a666-ea3d46951f74
behavior_754571_2024-10-30_10-51-07,s3://aind-private-data-prod-o5171v/behavior_754571_2024-10-30_10-51-07,43d323e7-48dc-4972-9496-cce8506e578e
behavior_754571_2024-11-05_11-09-14,s3://aind-private-data-prod-o5171v/behavior_754571_2024-11-05_11-09-14,4d714a11-9359-4355-8e4c-646ec603e834
behavior_754571_2024-11-06_11-11-32,s3://aind-private-data-prod-o5171v/behavior_754571_2024-11-06_11-11-32,af3434fd-73a0-4d14-ae99-c2ca1d0758dc
behavior_754571_2024-11-07_10-55-48,s3://aind-private-data-prod-o5171v/behavior_754571_2024-11-07_10-55-48,d0bac935-3101-4c3f-82f3-0ee0293600af
behavior_754571_2024-11-08_10-35-23,s3://aind-private-data-prod-o5171v/behavior_754571_2024-11-08_10-35-23,c5ec505a-4028-4aca-88ef-bd1434f4cbee
behavior_754571_2024-11-11_10-46-18,s3://aind-private-data-prod-o5171v/behavior_754571_2024-11-11_10-46-18,373bf397-f136-4ffa-86b7-21bfa08d456c
behavior_754571_2024-11-12_11-09-41,s3://aind-private-data-prod-o5171v/behavior_754571_2024-11-12_11-09-41,ba81206c-f3c6-4ef8-bcad-1228300ade76
behavior_754571_2024-11-13_10-59-49,s3://aind-private-data-prod-o5171v/behavior_754571_2024-11-13_10-59-49,581cd12a-643f-4081-9b76-8d135b07aac6
behavior_754571_2024-11-14_11-14-27,s3://aind-private-data-prod-o5171v/behavior_754571_2024-11-14_11-14-27,bd469ab3-7e81-4b64-8d90-9f2144bdfbe3
behavior_754571_2024-11-15_10-55-43,s3://aind-private-data-prod-o5171v/behavior_754571_2024-11-15_10-55-43,cb2b531e-6a44-484a-8294-4b7ac991f23c
behavior_754571_2024-11-18_11-01-55,s3://aind-private-data-prod-o5171v/behavior_754571_2024-11-18_11-01-55,fc2695ed-5e16-47b5-9aa7-856aca959d8d
behavior_754571_2024-11-19_10-50-06,s3://aind-private-data-prod-o5171v/behavior_754571_2024-11-19_10-50-06,10e3ae6a-f7f2-4307-88f8-e629e8141d55
behavior_754571_2024-11-20_11-04-59,s3://aind-private-data-prod-o5171v/behavior_754571_2024-11-20_11-04-59,c9aa96ca-22c7-46b9-997b-8e612bf87bad
behavior_754571_2024-11-21_10-55-38,s3://aind-private-data-prod-o5171v/behavior_754571_2024-11-21_10-55-38,895b9ae1-4f70-467f-b6ae-254e9d6c03b2
behavior_754571_2024-11-22_11-16-52,s3://aind-private-data-prod-o5171v/behavior_754571_2024-11-22_11-16-52,bafc14c0-6067-4c9b-878d-428558f838f2
behavior_754571_2024-11-23_11-53-04,s3://aind-private-data-prod-o5171v/behavior_754571_2024-11-23_11-53-04,2de60ccb-fadd-4f25-95b7-7c93d6947fc3
behavior_754571_2024-11-25_11-13-27,s3://aind-private-data-prod-o5171v/behavior_754571_2024-11-25_11-13-27,f2c4caf1-127c-462d-a3b2-feff2d6de498
behavior_754571_2024-11-26_11-41-06,s3://aind-private-data-prod-o5171v/behavior_754571_2024-11-26_11-41-06,c403a997-9525-4407-8fb2-d968e682ed9d
behavior_754571_2024-11-27_11-40-17,s3://aind-private-data-prod-o5171v/behavior_754571_2024-11-27_11-40-17,44ddc427-1ea6-40ea-bad4-9817082a973d
behavior_754571_2024-11-29_11-47-54,s3://aind-private-data-prod-o5171v/behavior_754571_2024-11-29_11-47-54,380fc2a5-546d-4603-b208-adad9848de0e
behavior_754571_2024-11-30_12-08-47,s3://aind-private-data-prod-o5171v/behavior_754571_2024-11-30_12-08-47,3f9e1349-6f49-4f0b-98b3-87afc5421326
behavior_754571_2024-12-02_11-47-30,s3://aind-private-data-prod-o5171v/behavior_754571_2024-12-02_11-47-30,769545ea-a940-4527-96df-758aa30fc788
behavior_754571_2024-12-03_11-27-17,s3://aind-private-data-prod-o5171v/behavior_754571_2024-12-03_11-27-17,ca419c46-1841-455f-b9a3-848580fc9482
behavior_754571_2024-12-04_11-17-16,s3://aind-private-data-prod-o5171v/behavior_754571_2024-12-04_11-17-16,df9dfa42-f666-4a27-8c4c-f56344637943
behavior_754571_2024-12-05_11-12-05,s3://aind-private-data-prod-o5171v/behavior_754571_2024-12-05_11-12-05,3dff9275-c668-4b85-8310-a6d749034738
behavior_754571_2024-12-06_11-30-05,s3://aind-private-data-prod-o5171v/behavior_754571_2024-12-06_11-30-05,259ce1a6-2eb7-4c36-8b26-4d803e4d919e
behavior_754571_2024-12-07_12-32-29,s3://aind-private-data-prod-o5171v/behavior_754571_2024-12-07_12-32-29,b6455f78-508b-4c43-96d3-424a8d402642
behavior_754571_2024-12-09_11-32-20,s3://aind-private-data-prod-o5171v/behavior_754571_2024-12-09_11-32-20,2ab16fa8-9030-4de2-bce7-7ecd26494e39
behavior_754571_2024-12-10_11-21-29,s3://aind-private-data-prod-o5171v/behavior_754571_2024-12-10_11-21-29,8b57cecc-da1b-4508-b7a9-a2548b3be3b3
behavior_754571_2024-12-11_11-42-59,s3://aind-private-data-prod-o5171v/behavior_754571_2024-12-11_11-42-59,af713d60-ac5e-4541-997d-c11ee0859b38
behavior_754571_2024-12-12_10-57-21,s3://aind-private-data-prod-o5171v/behavior_754571_2024-12-12_10-57-21,6c52ea50-624f-46dc-aa11-789c2ff61859
behavior_754571_2024-12-13_11-22-36,s3://aind-private-data-prod-o5171v/behavior_754571_2024-12-13_11-22-36,8cc3a2d6-678e-429d-bc3a-191a1f197357
behavior_754571_2024-12-16_11-26-36,s3://aind-private-data-prod-o5171v/behavior_754571_2024-12-16_11-26-36,664a4abb-f6e6-4ff0-886b-448ba11bcae4
behavior_754571_2024-12-17_11-13-32,s3://aind-private-data-prod-o5171v/behavior_754571_2024-12-17_11-13-32,8b72e2f5-a795-495f-8f59-96874f52a2b3
behavior_754571_2024-12-18_10-43-14,s3://aind-private-data-prod-o5171v/behavior_754571_2024-12-18_10-43-14,dba116de-529e-43d2-8907-1b25861feb1d
behavior_754574_2024-09-03_10-44-16,s3://aind-private-data-prod-o5171v/behavior_754574_2024-09-03_10-44-16,be91a083-8b3c-4027-a5a2-53b46adfb254
behavior_754574_2024-09-04_10-20-40,s3://aind-private-data-prod-o5171v/behavior_754574_2024-09-04_10-20-40,4f50991b-5921-4000-a09f-7f882fdf50b5
behavior_754574_2024-09-05_10-31-23,s3://aind-private-data-prod-o5171v/behavior_754574_2024-09-05_10-31-23,58e4b779-9d2e-4a1e-acf7-7c00532b2096
behavior_754574_2024-09-06_09-08-12,s3://aind-private-data-prod-o5171v/behavior_754574_2024-09-06_09-08-12,b552f2de-472a-4789-b591-d38fd2d39ce6
behavior_754574_2024-09-11_11-09-30,s3://aind-private-data-prod-o5171v/behavior_754574_2024-09-11_11-09-30,0c0a234d-97b0-4e8a-913b-201acdd74e17
behavior_754574_2024-09-12_09-05-19,s3://aind-private-data-prod-o5171v/behavior_754574_2024-09-12_09-05-19,d119a26d-d62d-4567-afd4-dce954b1a17f
behavior_754574_2024-09-13_09-15-33,s3://aind-private-data-prod-o5171v/behavior_754574_2024-09-13_09-15-33,4c162af3-1c03-4f6f-bdeb-cf5b97f555f4
behavior_754574_2024-09-16_09-07-27,s3://aind-private-data-prod-o5171v/behavior_754574_2024-09-16_09-07-27,8c972117-d0b9-454b-8944-f3331689769d
behavior_754574_2024-09-17_09-10-11,s3://aind-private-data-prod-o5171v/behavior_754574_2024-09-17_09-10-11,2dffb9d8-89d3-4a34-a2a6-99d47dbaa3ee
behavior_754574_2024-09-18_09-06-07,s3://aind-private-data-prod-o5171v/behavior_754574_2024-09-18_09-06-07,12f32796-4722-4398-baed-bd281d8bddc3
behavior_754574_2024-09-19_09-01-40,s3://aind-private-data-prod-o5171v/behavior_754574_2024-09-19_09-01-40,7dbd6aff-f802-44c0-aea4-a3886dd6a05a
behavior_754574_2024-09-20_09-01-51,s3://aind-private-data-prod-o5171v/behavior_754574_2024-09-20_09-01-51,0f0020a8-45e4-494d-b0dd-a79738a38297
behavior_754574_2024-09-24_09-27-03,s3://aind-private-data-prod-o5171v/behavior_754574_2024-09-24_09-27-03,03901a42-0764-40c4-8389-bf931820f20e
behavior_754574_2024-09-25_09-25-16,s3://aind-private-data-prod-o5171v/behavior_754574_2024-09-25_09-25-16,00738ab9-8a52-4648-90fd-d0ebf09ea66f
behavior_754574_2024-09-26_09-23-08,s3://aind-private-data-prod-o5171v/behavior_754574_2024-09-26_09-23-08,b5fb89ba-dd5a-4d50-9b56-218be6951c60
behavior_754574_2024-09-27_09-08-21,s3://aind-private-data-prod-o5171v/behavior_754574_2024-09-27_09-08-21,25e405ac-1084-4946-8908-e1c97125fd58
behavior_754574_2024-09-30_09-04-08,s3://aind-private-data-prod-o5171v/behavior_754574_2024-09-30_09-04-08,fe74eae5-9f10-494a-91e9-7a373586ca11
behavior_754574_2024-10-01_08-59-46,s3://aind-private-data-prod-o5171v/behavior_754574_2024-10-01_08-59-46,9be60393-a576-44b7-9fbf-b28880384c35
behavior_754574_2024-10-02_08-52-53,s3://aind-private-data-prod-o5171v/behavior_754574_2024-10-02_08-52-53,0e90ce2f-41ef-4e74-9e60-47dd149f2f80
behavior_754574_2024-10-03_09-12-09,s3://aind-private-data-prod-o5171v/behavior_754574_2024-10-03_09-12-09,d81dee75-b4e2-4e93-af3a-07d804647612
behavior_754574_2024-10-04_08-59-58,s3://aind-private-data-prod-o5171v/behavior_754574_2024-10-04_08-59-58,7f2106fe-1a27-43db-bbb4-60ad23b4c2ba
behavior_754574_2024-10-07_08-57-06,s3://aind-private-data-prod-o5171v/behavior_754574_2024-10-07_08-57-06,62740fbc-3f7a-4647-84a0-cf4e33e4fae6
behavior_754574_2024-10-08_09-23-57,s3://aind-private-data-prod-o5171v/behavior_754574_2024-10-08_09-23-57,404ae104-5b6a-4992-a9c4-9b09e09f104a
behavior_754574_2024-10-09_09-07-55,s3://aind-private-data-prod-o5171v/behavior_754574_2024-10-09_09-07-55,5472ecbf-6bee-4567-952f-9d2f6bee0cef
behavior_754574_2024-10-10_09-17-00,s3://aind-private-data-prod-o5171v/behavior_754574_2024-10-10_09-17-00,cc09df7a-72a3-40e0-969a-a18f95c2fd12
behavior_754574_2024-10-11_09-03-48,s3://aind-private-data-prod-o5171v/behavior_754574_2024-10-11_09-03-48,31bf818b-e7da-4dfd-bafc-d009048b477a
behavior_754574_2024-10-14_09-34-48,s3://aind-private-data-prod-o5171v/behavior_754574_2024-10-14_09-34-48,151c7c95-6c49-4ad7-90d6-3acfc264f399
behavior_754574_2024-10-15_09-19-50,s3://aind-private-data-prod-o5171v/behavior_754574_2024-10-15_09-19-50,06ffe3c2-ff76-448f-9e2f-6a9ca353c6cd
behavior_754574_2024-10-16_09-12-28,s3://aind-private-data-prod-o5171v/behavior_754574_2024-10-16_09-12-28,a216c791-a532-493e-abab-99d0c41e5108
behavior_754574_2024-10-17_08-59-19,s3://aind-private-data-prod-o5171v/behavior_754574_2024-10-17_08-59-19,b9793f70-9f83-496d-a5b0-33ebd15120ad
behavior_754574_2024-10-18_09-08-09,s3://aind-private-data-prod-o5171v/behavior_754574_2024-10-18_09-08-09,6366775c-6579-4b97-93b2-8fc45c61afc6
behavior_754574_2024-10-20_10-41-26,s3://aind-private-data-prod-o5171v/behavior_754574_2024-10-20_10-41-26,531d58c3-7329-4af2-871e-df2e8ab115f9
behavior_754574_2024-10-21_09-15-19,s3://aind-private-data-prod-o5171v/behavior_754574_2024-10-21_09-15-19,327f07ba-3a57-4bae-815f-4ca94ffdfe62
behavior_754574_2024-10-22_09-20-22,s3://aind-private-data-prod-o5171v/behavior_754574_2024-10-22_09-20-22,e9f39c1e-2501-4e80-9b68-2cf0cc327898
behavior_754574_2024-10-23_09-13-15,s3://aind-private-data-prod-o5171v/behavior_754574_2024-10-23_09-13-15,d44b1668-5ce4-423a-982a-811f7c7baa39
behavior_754574_2024-10-24_09-05-53,s3://aind-private-data-prod-o5171v/behavior_754574_2024-10-24_09-05-53,2877c68d-7115-4971-8c75-33d21ddfc2fb
behavior_754574_2024-10-25_09-04-55,s3://aind-private-data-prod-o5171v/behavior_754574_2024-10-25_09-04-55,04e6de1d-725e-41ac-becf-78a6b03bf432
behavior_754574_2024-10-26_09-54-33,s3://aind-private-data-prod-o5171v/behavior_754574_2024-10-26_09-54-33,f341232f-4bed-4154-be52-c37476952554
behavior_754574_2024-10-27_10-22-53,s3://aind-private-data-prod-o5171v/behavior_754574_2024-10-27_10-22-53,cddb6972-12ea-4ea6-b39e-2b4e838ea555
behavior_754574_2024-10-28_09-02-45,s3://aind-private-data-prod-o5171v/behavior_754574_2024-10-28_09-02-45,b2685499-1ffa-464a-a28b-31589a92ac39
behavior_754574_2024-10-29_09-07-02,s3://aind-private-data-prod-o5171v/behavior_754574_2024-10-29_09-07-02,fe51647e-4572-4756-b9a6-e5da73b97c5c
behavior_754574_2024-10-30_09-34-46,s3://aind-private-data-prod-o5171v/behavior_754574_2024-10-30_09-34-46,c45c4510-52ba-458d-a8f9-1b4cff11409b
behavior_754574_2024-11-05_09-51-27,s3://aind-private-data-prod-o5171v/behavior_754574_2024-11-05_09-51-27,abdfb4a4-68f6-48e8-8b6f-1e287e1da8a1
behavior_754574_2024-11-06_09-31-34,s3://aind-private-data-prod-o5171v/behavior_754574_2024-11-06_09-31-34,c436af95-222e-417c-a80d-332fcd11813f
behavior_754574_2024-11-07_09-27-22,s3://aind-private-data-prod-o5171v/behavior_754574_2024-11-07_09-27-22,5c567de5-5a92-44c7-b97c-31ec2fa03dd9
behavior_754574_2024-11-08_09-12-57,s3://aind-private-data-prod-o5171v/behavior_754574_2024-11-08_09-12-57,e8ce909f-4595-411b-9747-3504017b88a4
behavior_754574_2024-11-11_09-17-54,s3://aind-private-data-prod-o5171v/behavior_754574_2024-11-11_09-17-54,3256eff1-57b8-4c14-bd94-028c08be3be2
behavior_754574_2024-11-12_09-36-17,s3://aind-private-data-prod-o5171v/behavior_754574_2024-11-12_09-36-17,4592a2fb-607b-4257-bfde-8dc0e77e49ab
behavior_754574_2024-11-13_09-17-28,s3://aind-private-data-prod-o5171v/behavior_754574_2024-11-13_09-17-28,c2195245-2f35-45fa-9e87-a1d2069f73f5
behavior_754574_2024-11-14_09-23-28,s3://aind-private-data-prod-o5171v/behavior_754574_2024-11-14_09-23-28,b5b2fbeb-c53d-43f9-b9d6-8b55ca96ce8d
behavior_754574_2024-11-15_09-04-58,s3://aind-private-data-prod-o5171v/behavior_754574_2024-11-15_09-04-58,5bc79d5c-93cf-4df8-8b75-86b3c9268a01
behavior_754574_2024-11-18_09-23-37,s3://aind-private-data-prod-o5171v/behavior_754574_2024-11-18_09-23-37,b331990c-1ad2-43e8-856f-f7c10938911d
behavior_754574_2024-11-19_09-26-29,s3://aind-private-data-prod-o5171v/behavior_754574_2024-11-19_09-26-29,d55f3c86-b7ba-4921-8d82-67897b31a2cf
behavior_754574_2024-11-20_09-17-59,s3://aind-private-data-prod-o5171v/behavior_754574_2024-11-20_09-17-59,830702d1-beda-4d0b-aec1-ff22c51dc8b7
behavior_754574_2024-11-21_09-28-03,s3://aind-private-data-prod-o5171v/behavior_754574_2024-11-21_09-28-03,6dd78a68-44ea-4b7e-916c-c0c1deb315dd
behavior_754574_2024-11-22_09-39-39,s3://aind-private-data-prod-o5171v/behavior_754574_2024-11-22_09-39-39,c0181bf4-9d6a-42e0-98fb-8f8a27d19c28
behavior_754574_2024-11-23_10-40-21,s3://aind-private-data-prod-o5171v/behavior_754574_2024-11-23_10-40-21,052e5297-8b7e-494d-8f67-a25245fc605e
behavior_754574_2024-11-25_09-37-19,s3://aind-private-data-prod-o5171v/behavior_754574_2024-11-25_09-37-19,11438f48-b439-4d21-a028-b6d600b9897b
behavior_754574_2024-11-26_10-07-06,s3://aind-private-data-prod-o5171v/behavior_754574_2024-11-26_10-07-06,19ae57c0-7e41-4f44-8041-e5f84c7cd1f7
behavior_754574_2024-11-27_10-14-06,s3://aind-private-data-prod-o5171v/behavior_754574_2024-11-27_10-14-06,01b045e6-e52a-47b9-9032-19127bf42b8d
behavior_754574_2024-11-29_10-23-58,s3://aind-private-data-prod-o5171v/behavior_754574_2024-11-29_10-23-58,0146740e-c146-4e26-89aa-050ee14a8852
behavior_754574_2024-11-30_10-40-06,s3://aind-private-data-prod-o5171v/behavior_754574_2024-11-30_10-40-06,9b821a5b-83a7-4841-801c-8993791fb462
behavior_754574_2024-12-02_10-11-12,s3://aind-private-data-prod-o5171v/behavior_754574_2024-12-02_10-11-12,406594b0-d0ed-4525-a36b-199de24ee674
behavior_754574_2024-12-03_09-43-36,s3://aind-private-data-prod-o5171v/behavior_754574_2024-12-03_09-43-36,47e7d7c1-a927-4ece-be31-309444487516
behavior_754574_2024-12-04_09-17-08,s3://aind-private-data-prod-o5171v/behavior_754574_2024-12-04_09-17-08,2eab48b6-1ac4-40b6-bdb7-7b554d1d727e
behavior_754574_2024-12-05_09-41-23,s3://aind-private-data-prod-o5171v/behavior_754574_2024-12-05_09-41-23,36f59a56-24bf-430a-a0c5-b723793e7077
behavior_754574_2024-12-06_09-50-53,s3://aind-private-data-prod-o5171v/behavior_754574_2024-12-06_09-50-53,e7dea76c-5154-415c-86ad-7533497682dd
behavior_754574_2024-12-07_10-48-28,s3://aind-private-data-prod-o5171v/behavior_754574_2024-12-07_10-48-28,224b5510-1c70-465b-9a0e-b962f474b23c
behavior_754574_2024-12-09_09-19-59,s3://aind-private-data-prod-o5171v/behavior_754574_2024-12-09_09-19-59,67fca4f4-9b0d-40a0-89fe-9ed164d62402
behavior_754574_2024-12-10_09-10-25,s3://aind-private-data-prod-o5171v/behavior_754574_2024-12-10_09-10-25,2241e2dd-37df-4ac9-a330-97d98f8412dc
behavior_754574_2024-12-11_09-46-26,s3://aind-private-data-prod-o5171v/behavior_754574_2024-12-11_09-46-26,13b58d63-270d-41e2-ad52-7e41e79b35b8
behavior_754574_2024-12-12_09-07-56,s3://aind-private-data-prod-o5171v/behavior_754574_2024-12-12_09-07-56,3a77964d-748f-45b9-be72-f28daa8c4c87
behavior_754574_2024-12-13_09-41-47,s3://aind-private-data-prod-o5171v/behavior_754574_2024-12-13_09-41-47,6f938632-9c68-40a3-832b-a36b681922ce
behavior_754574_2024-12-16_09-45-24,s3://aind-private-data-prod-o5171v/behavior_754574_2024-12-16_09-45-24,2080b53d-2518-4872-b8eb-4506fbdb5457
behavior_754574_2024-12-17_09-39-43,s3://aind-private-data-prod-o5171v/behavior_754574_2024-12-17_09-39-43,5ad3d026-6ed0-4410-a871-a1f7821c07c6
behavior_754574_2024-12-18_09-27-55,s3://aind-private-data-prod-o5171v/behavior_754574_2024-12-18_09-27-55,656fe8a0-b907-4e60-85c9-79cb693cdc75
behavior_754575_2024-09-03_13-13-37,s3://aind-private-data-prod-o5171v/behavior_754575_2024-09-03_13-13-37,adca743e-c31a-4c51-a9d2-9b42779dfac3
behavior_754575_2024-09-04_13-52-08,s3://aind-private-data-prod-o5171v/behavior_754575_2024-09-04_13-52-08,4fbb4e95-d2a9-4e08-960b-d5821c26b6d3
behavior_754575_2024-09-05_13-11-26,s3://aind-private-data-prod-o5171v/behavior_754575_2024-09-05_13-11-26,3a40a98e-d3e3-4494-82f1-2fcffd45cbfb
behavior_754575_2024-09-06_12-18-14,s3://aind-private-data-prod-o5171v/behavior_754575_2024-09-06_12-18-14,aa0d7097-ee65-40ad-b5e2-812629a1b0fa
behavior_754575_2024-09-11_15-00-46,s3://aind-private-data-prod-o5171v/behavior_754575_2024-09-11_15-00-46,122069c4-b84e-49dd-b111-8e20b83c8138
behavior_754575_2024-09-12_13-59-50,s3://aind-private-data-prod-o5171v/behavior_754575_2024-09-12_13-59-50,593ea8fc-8d92-4559-b2be-72b5d229ba64
behavior_754575_2024-09-13_14-05-25,s3://aind-private-data-prod-o5171v/behavior_754575_2024-09-13_14-05-25,25add88f-6534-49e6-ba4d-d331067f3da1
behavior_754575_2024-09-16_12-38-51,s3://aind-private-data-prod-o5171v/behavior_754575_2024-09-16_12-38-51,66368115-638a-42cf-a19a-4444022177d7
behavior_754575_2024-09-17_12-12-50,s3://aind-private-data-prod-o5171v/behavior_754575_2024-09-17_12-12-50,d4d952ed-116b-4d1f-96cf-dbf71d941664
behavior_754575_2024-09-18_13-06-18,s3://aind-private-data-prod-o5171v/behavior_754575_2024-09-18_13-06-18,550e03ee-98b0-4e77-9565-000964a0146b
behavior_754575_2024-09-19_13-05-12,s3://aind-private-data-prod-o5171v/behavior_754575_2024-09-19_13-05-12,b2a145fc-c637-4f5e-841b-c0cdf39e6deb
behavior_754575_2024-09-20_13-18-28,s3://aind-private-data-prod-o5171v/behavior_754575_2024-09-20_13-18-28,b9885b96-f609-43bf-9f2f-309c3895d387
behavior_754575_2024-09-23_12-55-11,s3://aind-private-data-prod-o5171v/behavior_754575_2024-09-23_12-55-11,00506e98-fa33-4d35-9570-54e7147823b6
behavior_754575_2024-09-24_13-07-44,s3://aind-private-data-prod-o5171v/behavior_754575_2024-09-24_13-07-44,c64123c7-7157-4a45-a8d4-87a8e032250e
behavior_754575_2024-09-25_12-54-16,s3://aind-private-data-prod-o5171v/behavior_754575_2024-09-25_12-54-16,415d19b7-499a-4920-a728-ff42193a6615
behavior_754575_2024-09-26_13-01-54,s3://aind-private-data-prod-o5171v/behavior_754575_2024-09-26_13-01-54,efeb4785-73b1-4aec-bb62-f00e367a815f
behavior_754575_2024-09-27_12-21-03,s3://aind-private-data-prod-o5171v/behavior_754575_2024-09-27_12-21-03,6b0c7382-0f27-4e4b-9612-63cbe26fa912
behavior_754575_2024-09-30_12-31-55,s3://aind-private-data-prod-o5171v/behavior_754575_2024-09-30_12-31-55,6eb69786-71ab-494d-a70c-cb4344c4e1ac
behavior_754575_2024-10-01_13-10-53,s3://aind-private-data-prod-o5171v/behavior_754575_2024-10-01_13-10-53,19c724fa-9797-4c23-8522-ecdc3c8c5502
behavior_754575_2024-10-02_13-05-37,s3://aind-private-data-prod-o5171v/behavior_754575_2024-10-02_13-05-37,eeee1063-fb0d-4877-811a-6014fcf1feb4
behavior_754575_2024-10-03_13-06-27,s3://aind-private-data-prod-o5171v/behavior_754575_2024-10-03_13-06-27,f12e2f50-28a0-4ec1-a4da-921e25c4fc95
behavior_754575_2024-10-04_12-52-47,s3://aind-private-data-prod-o5171v/behavior_754575_2024-10-04_12-52-47,bdc75376-e93d-4e12-80b6-73e069901a75
behavior_754575_2024-10-07_13-05-18,s3://aind-private-data-prod-o5171v/behavior_754575_2024-10-07_13-05-18,8d401deb-f5fc-4ae9-a854-fcea3bb229d0
behavior_754575_2024-10-08_13-00-44,s3://aind-private-data-prod-o5171v/behavior_754575_2024-10-08_13-00-44,8783d5e0-9828-4cbc-ad33-7c4b9869d5a3
behavior_754575_2024-10-09_13-14-04,s3://aind-private-data-prod-o5171v/behavior_754575_2024-10-09_13-14-04,a39a258d-73bc-4f6f-9b22-28bbcafcc7c7
behavior_754575_2024-10-10_13-10-52,s3://aind-private-data-prod-o5171v/behavior_754575_2024-10-10_13-10-52,2da6164e-0ab3-4bef-a2e7-ad283b798fc4
behavior_754575_2024-10-11_13-33-38,s3://aind-private-data-prod-o5171v/behavior_754575_2024-10-11_13-33-38,8190faca-6e1a-4ca7-8d64-92c01041a447
behavior_754575_2024-10-14_13-25-57,s3://aind-private-data-prod-o5171v/behavior_754575_2024-10-14_13-25-57,265c77bf-b98e-4ea5-85b1-6eb4c5527b0f
behavior_754575_2024-10-15_13-11-07,s3://aind-private-data-prod-o5171v/behavior_754575_2024-10-15_13-11-07,c35e54b1-ee54-4710-bd2a-7a81764f7853
behavior_754575_2024-10-16_13-07-21,s3://aind-private-data-prod-o5171v/behavior_754575_2024-10-16_13-07-21,e95917cf-9879-46c5-b3d1-39dad8fec119
behavior_754575_2024-10-17_13-12-59,s3://aind-private-data-prod-o5171v/behavior_754575_2024-10-17_13-12-59,3737d5e9-7cfa-4f05-86aa-9ff489e06f44
behavior_754575_2024-10-18_13-35-33,s3://aind-private-data-prod-o5171v/behavior_754575_2024-10-18_13-35-33,139f85d2-2cac-410c-bea3-c67b486fb6db
behavior_754575_2024-10-20_13-38-17,s3://aind-private-data-prod-o5171v/behavior_754575_2024-10-20_13-38-17,17dfe65d-341c-4c3b-92ba-b492261f01a2
behavior_754575_2024-10-21_12-59-26,s3://aind-private-data-prod-o5171v/behavior_754575_2024-10-21_12-59-26,05b5c1fe-19fa-4895-ab31-b6c18482ba04
behavior_754575_2024-10-22_13-06-15,s3://aind-private-data-prod-o5171v/behavior_754575_2024-10-22_13-06-15,0273ba3f-929b-4146-a73a-6cfbe222831d
behavior_754575_2024-10-23_13-14-56,s3://aind-private-data-prod-o5171v/behavior_754575_2024-10-23_13-14-56,865e4967-cf09-4f9b-a025-9289f8567ecc
behavior_754575_2024-10-24_12-56-36,s3://aind-private-data-prod-o5171v/behavior_754575_2024-10-24_12-56-36,c5672857-35fd-4c91-b421-c790139cb875
behavior_754575_2024-10-25_13-18-01,s3://aind-private-data-prod-o5171v/behavior_754575_2024-10-25_13-18-01,2933df9d-7231-4073-8f96-ab9141b3de98
behavior_754575_2024-10-26_12-39-39,s3://aind-private-data-prod-o5171v/behavior_754575_2024-10-26_12-39-39,060cc0b8-f03a-49d5-aff4-7e20869e4246
behavior_754575_2024-10-27_13-08-47,s3://aind-private-data-prod-o5171v/behavior_754575_2024-10-27_13-08-47,2c40300f-d915-4752-ad49-0fc2622b3beb
behavior_754575_2024-10-28_13-20-54,s3://aind-private-data-prod-o5171v/behavior_754575_2024-10-28_13-20-54,9a453a49-3ec6-4314-82db-89bd7ebff772
behavior_754575_2024-10-29_13-26-32,s3://aind-private-data-prod-o5171v/behavior_754575_2024-10-29_13-26-32,4b04a448-92ae-47ee-80bf-43416f8ded10
behavior_754575_2024-10-30_13-21-36,s3://aind-private-data-prod-o5171v/behavior_754575_2024-10-30_13-21-36,381c2f3b-ad16-43f3-b5e0-007b8cf2f8dc
behavior_754575_2024-11-05_13-12-02,s3://aind-private-data-prod-o5171v/behavior_754575_2024-11-05_13-12-02,5f37882f-b467-4575-994e-f0f83581fa86
behavior_754575_2024-11-06_13-26-17,s3://aind-private-data-prod-o5171v/behavior_754575_2024-11-06_13-26-17,64a2cd76-65bd-480b-a766-cf1fca7a4407
behavior_754575_2024-11-07_13-03-47,s3://aind-private-data-prod-o5171v/behavior_754575_2024-11-07_13-03-47,1d53afa0-a7b1-4ec9-ac11-ba60e1ecf0c0
behavior_754575_2024-11-08_13-29-47,s3://aind-private-data-prod-o5171v/behavior_754575_2024-11-08_13-29-47,b04505c4-a9c8-49dd-995d-0eac81d1112b
behavior_754575_2024-11-11_13-12-14,s3://aind-private-data-prod-o5171v/behavior_754575_2024-11-11_13-12-14,0202b01d-6b24-4584-aff5-118d32ac0d8f
behavior_754575_2024-11-12_13-13-54,s3://aind-private-data-prod-o5171v/behavior_754575_2024-11-12_13-13-54,86c640eb-6367-42e0-9da6-48dec48edd75
behavior_754575_2024-11-13_13-52-28,s3://aind-private-data-prod-o5171v/behavior_754575_2024-11-13_13-52-28,85393580-b37a-4967-bb0c-95d923743832
behavior_754575_2024-11-14_13-11-40,s3://aind-private-data-prod-o5171v/behavior_754575_2024-11-14_13-11-40,2bf69fce-0e87-4199-a8e6-5351abba209e
behavior_754575_2024-11-15_13-29-25,s3://aind-private-data-prod-o5171v/behavior_754575_2024-11-15_13-29-25,c8cdfb6a-a26c-47cc-9510-1451fd019e2b
behavior_754575_2024-11-18_12-59-40,s3://aind-private-data-prod-o5171v/behavior_754575_2024-11-18_12-59-40,74ff9dbe-386e-421a-ac91-0341239c4c19
behavior_754575_2024-11-21_13-02-27,s3://aind-private-data-prod-o5171v/behavior_754575_2024-11-21_13-02-27,7da1c05c-69c8-45d5-a04a-78c96bb8c8df
behavior_754575_2024-11-22_13-07-43,s3://aind-private-data-prod-o5171v/behavior_754575_2024-11-22_13-07-43,33e8078c-cda3-4ac0-8f2a-44ef5602d419
behavior_754575_2024-11-23_12-49-29,s3://aind-private-data-prod-o5171v/behavior_754575_2024-11-23_12-49-29,3f06768a-c813-4c8a-86ee-256495eca96c
behavior_754575_2024-11-25_13-12-35,s3://aind-private-data-prod-o5171v/behavior_754575_2024-11-25_13-12-35,a2ead890-aa07-45cd-8804-5fdc62e34021
behavior_754575_2024-11-26_13-13-20,s3://aind-private-data-prod-o5171v/behavior_754575_2024-11-26_13-13-20,c3b270a6-5863-4a92-9ae5-6ae7dd17bcd0
behavior_754575_2024-11-27_13-38-51,s3://aind-private-data-prod-o5171v/behavior_754575_2024-11-27_13-38-51,9d32ce99-1199-4709-81c4-e05907c753f2
behavior_754575_2024-11-29_12-57-06,s3://aind-private-data-prod-o5171v/behavior_754575_2024-11-29_12-57-06,e0a7f13a-8ded-401a-9b89-781816000e58
behavior_754575_2024-11-30_13-11-31,s3://aind-private-data-prod-o5171v/behavior_754575_2024-11-30_13-11-31,d45b5ca4-85f8-4c36-b695-9c0d9c602da0
behavior_754575_2024-12-02_13-10-50,s3://aind-private-data-prod-o5171v/behavior_754575_2024-12-02_13-10-50,afedb1fc-4213-4be3-9c9f-627782da4e28
behavior_754575_2024-12-03_13-03-42,s3://aind-private-data-prod-o5171v/behavior_754575_2024-12-03_13-03-42,b60effa7-3529-474a-a41e-92a505e22464
behavior_754575_2024-12-04_13-08-19,s3://aind-private-data-prod-o5171v/behavior_754575_2024-12-04_13-08-19,3d772628-3d11-47f3-bb0e-e29cb894754a
behavior_754575_2024-12-05_13-11-25,s3://aind-private-data-prod-o5171v/behavior_754575_2024-12-05_13-11-25,85805dd3-3b27-46bc-b56b-1a9cc942a17a
behavior_754575_2024-12-06_13-20-24,s3://aind-private-data-prod-o5171v/behavior_754575_2024-12-06_13-20-24,7adf6831-e9de-4462-a270-94676f47c933
behavior_754575_2024-12-07_14-02-07,s3://aind-private-data-prod-o5171v/behavior_754575_2024-12-07_14-02-07,902a9008-9629-44a4-9a00-68e3e9b8eedd
behavior_754577_2024-08-26_09-24-42,s3://aind-private-data-prod-o5171v/behavior_754577_2024-08-26_09-24-42,94abaeb2-5cf4-437f-b72c-d61c5aeb27fc
behavior_754577_2024-08-27_09-28-00,s3://aind-private-data-prod-o5171v/behavior_754577_2024-08-27_09-28-00,61e9a49a-4468-4143-864e-8403adaa370e
behavior_754577_2024-08-28_10-06-51,s3://aind-private-data-prod-o5171v/behavior_754577_2024-08-28_10-06-51,207f6525-5aa8-42bd-9531-5df62cbd4236
behavior_754577_2024-08-29_09-37-46,s3://aind-private-data-prod-o5171v/behavior_754577_2024-08-29_09-37-46,8fcc944b-8a86-47bd-b4b4-01de33c546a5
behavior_754577_2024-08-30_09-22-40,s3://aind-private-data-prod-o5171v/behavior_754577_2024-08-30_09-22-40,9a7b4f54-5226-4836-b2d5-5ee2475c308f
behavior_754577_2024-09-03_10-02-56,s3://aind-private-data-prod-o5171v/behavior_754577_2024-09-03_10-02-56,22c9f600-ff14-4e7b-92a4-20aa04ce64a1
behavior_754577_2024-09-04_10-11-40,s3://aind-private-data-prod-o5171v/behavior_754577_2024-09-04_10-11-40,0d696500-3039-4bad-aec2-cd03d1d490a2
behavior_754577_2024-09-05_10-35-13,s3://aind-private-data-prod-o5171v/behavior_754577_2024-09-05_10-35-13,b6c244ec-232f-44d9-9d51-b9e41b0a2de9
behavior_754577_2024-09-06_09-08-34,s3://aind-private-data-prod-o5171v/behavior_754577_2024-09-06_09-08-34,ab971451-8b80-4d91-96c1-959b4cdca275
behavior_754577_2024-09-11_11-09-49,s3://aind-private-data-prod-o5171v/behavior_754577_2024-09-11_11-09-49,3eb125f5-771d-4e9d-9ce4-2ad0297919d2
behavior_754577_2024-09-12_09-05-37,s3://aind-private-data-prod-o5171v/behavior_754577_2024-09-12_09-05-37,8ac15ea3-8982-4f7e-bce1-23ecfc9dc24c
behavior_754577_2024-09-13_09-15-53,s3://aind-private-data-prod-o5171v/behavior_754577_2024-09-13_09-15-53,6c8fcbb3-d9ab-4a43-86b2-1159f58248a6
behavior_754577_2024-09-16_09-07-45,s3://aind-private-data-prod-o5171v/behavior_754577_2024-09-16_09-07-45,5840dc4d-fd77-4fba-8d11-ff6c5953c157
behavior_754577_2024-09-17_09-10-28,s3://aind-private-data-prod-o5171v/behavior_754577_2024-09-17_09-10-28,8cf1ea3a-d175-4c86-820c-48a9ed8ce7b2
behavior_754577_2024-09-18_09-06-21,s3://aind-private-data-prod-o5171v/behavior_754577_2024-09-18_09-06-21,85eb8ab3-629a-44e7-a986-77a927967a3f
behavior_754577_2024-09-19_09-01-52,s3://aind-private-data-prod-o5171v/behavior_754577_2024-09-19_09-01-52,28dc1ee8-1748-49a4-8f48-ec248d1f76f5
behavior_754577_2024-09-20_09-02-07,s3://aind-private-data-prod-o5171v/behavior_754577_2024-09-20_09-02-07,bbe7bcc9-6590-4380-a1d0-39e57cfbf86f
behavior_754577_2024-09-24_09-27-24,s3://aind-private-data-prod-o5171v/behavior_754577_2024-09-24_09-27-24,da87fa0b-2d4a-4793-805a-c01f3ba7a2d1
behavior_754577_2024-09-25_09-25-27,s3://aind-private-data-prod-o5171v/behavior_754577_2024-09-25_09-25-27,fdf42aa4-8826-4b77-8f7a-51bacab3fee9
behavior_754577_2024-09-26_08-51-45,s3://aind-private-data-prod-o5171v/behavior_754577_2024-09-26_08-51-45,5306984c-995a-468a-90a4-425e4d58a9c0
behavior_754577_2024-09-27_09-08-35,s3://aind-private-data-prod-o5171v/behavior_754577_2024-09-27_09-08-35,a3d6272c-ad86-4add-ada5-40a642d85b27
behavior_754577_2024-09-30_09-06-19,s3://aind-private-data-prod-o5171v/behavior_754577_2024-09-30_09-06-19,33e79921-a58b-4fb2-a6d5-52616642ed46
behavior_754577_2024-10-01_09-15-21,s3://aind-private-data-prod-o5171v/behavior_754577_2024-10-01_09-15-21,65bc872a-5c9a-410b-9f63-87e2a8db9050
behavior_754577_2024-10-02_08-53-04,s3://aind-private-data-prod-o5171v/behavior_754577_2024-10-02_08-53-04,5e230f45-3316-4ab2-8914-e64ceaaf6c81
behavior_754577_2024-10-04_09-00-07,s3://aind-private-data-prod-o5171v/behavior_754577_2024-10-04_09-00-07,a82d4111-4212-4ecc-8531-0171292074ba
behavior_754577_2024-10-07_08-57-17,s3://aind-private-data-prod-o5171v/behavior_754577_2024-10-07_08-57-17,2f4fb254-c344-4a03-b0c2-e1578cfb0d5e
behavior_754577_2024-10-08_09-11-39,s3://aind-private-data-prod-o5171v/behavior_754577_2024-10-08_09-11-39,c8a7ce4d-2129-4bb1-8907-fa4b56d530f4
behavior_754577_2024-10-09_09-08-05,s3://aind-private-data-prod-o5171v/behavior_754577_2024-10-09_09-08-05,068296f8-66b3-4cfd-8aba-9bd75f8fe115
behavior_754577_2024-10-10_09-17-09,s3://aind-private-data-prod-o5171v/behavior_754577_2024-10-10_09-17-09,84e28bc2-7aa2-40a5-8ef7-33a4a3064784
behavior_754577_2024-10-11_08-54-07,s3://aind-private-data-prod-o5171v/behavior_754577_2024-10-11_08-54-07,02ceca6e-8cfc-4ee5-b402-658e7e0e7003
behavior_754577_2024-10-15_09-20-05,s3://aind-private-data-prod-o5171v/behavior_754577_2024-10-15_09-20-05,08a7cc84-3ee9-44d5-8cf6-fa30c65f95c4
behavior_754577_2024-10-16_09-12-36,s3://aind-private-data-prod-o5171v/behavior_754577_2024-10-16_09-12-36,12a472cb-f9dc-4e17-a607-cdf691a12b0d
behavior_754577_2024-10-17_08-59-30,s3://aind-private-data-prod-o5171v/behavior_754577_2024-10-17_08-59-30,46eb6dcf-a26f-4a95-b514-a1e7eabda819
behavior_754577_2024-10-18_09-08-17,s3://aind-private-data-prod-o5171v/behavior_754577_2024-10-18_09-08-17,d3c93ee7-8a70-49da-858d-4505847daadb
behavior_754577_2024-10-20_10-40-22,s3://aind-private-data-prod-o5171v/behavior_754577_2024-10-20_10-40-22,f4575402-ef35-4b85-b549-8f238e8cf36b
behavior_754577_2024-10-21_09-15-41,s3://aind-private-data-prod-o5171v/behavior_754577_2024-10-21_09-15-41,ac998a30-0f33-4f67-ac62-f0fb86287378
behavior_754577_2024-10-22_09-20-34,s3://aind-private-data-prod-o5171v/behavior_754577_2024-10-22_09-20-34,b117eb74-70e1-4468-a9ad-2454acb018a5
behavior_754577_2024-10-23_09-11-47,s3://aind-private-data-prod-o5171v/behavior_754577_2024-10-23_09-11-47,7cecf5ff-58fa-44fc-b89a-dc0a6d2b23ee
behavior_754577_2024-10-24_09-06-03,s3://aind-private-data-prod-o5171v/behavior_754577_2024-10-24_09-06-03,def31ee6-73b6-4910-a83e-af45dd7d5697
behavior_754577_2024-10-25_09-05-06,s3://aind-private-data-prod-o5171v/behavior_754577_2024-10-25_09-05-06,12572a2d-5e20-4a3e-8687-3614c1136e33
behavior_754577_2024-10-26_09-55-03,s3://aind-private-data-prod-o5171v/behavior_754577_2024-10-26_09-55-03,98343c0f-1d31-46a8-8f3d-e75b62d98372
behavior_754577_2024-10-27_10-23-20,s3://aind-private-data-prod-o5171v/behavior_754577_2024-10-27_10-23-20,ebc56211-c9e2-492a-8582-f3158a9d3baa
behavior_754577_2024-10-28_09-02-59,s3://aind-private-data-prod-o5171v/behavior_754577_2024-10-28_09-02-59,6aa5a7b4-0126-4b53-89cb-38d7e24ab78e
behavior_754577_2024-10-29_09-07-18,s3://aind-private-data-prod-o5171v/behavior_754577_2024-10-29_09-07-18,9358fc21-939f-428a-bbdb-f83bc156d179
behavior_754577_2024-10-30_09-34-59,s3://aind-private-data-prod-o5171v/behavior_754577_2024-10-30_09-34-59,179cecfa-26cc-4647-8a7a-cc0bb0c0e1cf
behavior_754577_2024-11-05_09-50-40,s3://aind-private-data-prod-o5171v/behavior_754577_2024-11-05_09-50-40,f0790f2d-ac8f-4c0c-bb31-616ec4d00bfd
behavior_754577_2024-11-06_09-41-49,s3://aind-private-data-prod-o5171v/behavior_754577_2024-11-06_09-41-49,574d2aa9-89de-4843-bd42-c21262e57308
behavior_754577_2024-11-07_09-27-32,s3://aind-private-data-prod-o5171v/behavior_754577_2024-11-07_09-27-32,bf107359-298e-4ad5-b983-2f2212b0ba02
behavior_754577_2024-11-08_09-24-57,s3://aind-private-data-prod-o5171v/behavior_754577_2024-11-08_09-24-57,aff38945-443a-4152-9a32-a8e780365ce0
behavior_754577_2024-11-11_09-18-02,s3://aind-private-data-prod-o5171v/behavior_754577_2024-11-11_09-18-02,431e57f1-5fad-453f-a6e2-b81b3d950679
behavior_754577_2024-11-12_09-36-25,s3://aind-private-data-prod-o5171v/behavior_754577_2024-11-12_09-36-25,46fedffa-26c3-48e8-9564-6701f9130b0d
behavior_754577_2024-11-13_09-17-38,s3://aind-private-data-prod-o5171v/behavior_754577_2024-11-13_09-17-38,4a6934cd-29df-4427-84d6-2a75e7b45bc5
behavior_754577_2024-11-14_09-23-37,s3://aind-private-data-prod-o5171v/behavior_754577_2024-11-14_09-23-37,f790b250-8d40-4ed4-9b04-b9f3dc33b34e
behavior_754577_2024-11-15_09-05-11,s3://aind-private-data-prod-o5171v/behavior_754577_2024-11-15_09-05-11,47604c72-04fe-460f-b3de-bf11c3d3dd94
behavior_754577_2024-11-18_17-23-46,s3://aind-open-data/behavior_754577_2024-11-18_17-23-46,f8a8f577-d0df-44ff-abd6-3e6673173d17
behavior_754577_2024-11-19_09-26-43,s3://aind-private-data-prod-o5171v/behavior_754577_2024-11-19_09-26-43,942ae837-baef-4b15-b6c5-b9413b5754f9
behavior_754577_2024-11-20_09-18-16,s3://aind-private-data-prod-o5171v/behavior_754577_2024-11-20_09-18-16,0d194e03-6f85-4fff-aa54-15519f1ca3c8
behavior_754577_2024-11-21_09-42-13,s3://aind-private-data-prod-o5171v/behavior_754577_2024-11-21_09-42-13,bd0de33e-4aab-43d4-ac46-41b1c95d71b9
behavior_754577_2024-11-22_09-39-47,s3://aind-private-data-prod-o5171v/behavior_754577_2024-11-22_09-39-47,6d96d20a-eaef-41e2-8758-10efa938c63f
behavior_754577_2024-11-23_10-38-53,s3://aind-private-data-prod-o5171v/behavior_754577_2024-11-23_10-38-53,f9ed8f46-445d-49f0-a743-fbdf17877e37
behavior_754577_2024-11-25_09-37-38,s3://aind-private-data-prod-o5171v/behavior_754577_2024-11-25_09-37-38,5f352fa0-7d8c-4313-8359-1035bd36453e
behavior_754577_2024-11-26_10-07-23,s3://aind-private-data-prod-o5171v/behavior_754577_2024-11-26_10-07-23,e86b6358-c18f-47aa-9e33-7b3d89546c84
behavior_754577_2024-11-27_10-00-59,s3://aind-private-data-prod-o5171v/behavior_754577_2024-11-27_10-00-59,eafd1258-d695-42ad-b011-d1ddf5016095
behavior_754577_2024-11-29_10-23-36,s3://aind-private-data-prod-o5171v/behavior_754577_2024-11-29_10-23-36,3d921e30-6016-46a9-8429-bddb29c84e9d
behavior_754577_2024-11-30_10-40-38,s3://aind-private-data-prod-o5171v/behavior_754577_2024-11-30_10-40-38,0c91ac57-e852-45e2-ba89-6f9fe923c09a
behavior_754577_2024-12-02_10-12-02,s3://aind-private-data-prod-o5171v/behavior_754577_2024-12-02_10-12-02,353b5b8f-9deb-4c7f-8022-df86daf2a60b
behavior_754577_2024-12-03_09-45-27,s3://aind-private-data-prod-o5171v/behavior_754577_2024-12-03_09-45-27,d68149e7-a946-4f67-858a-3b9ad4c7c0fd
behavior_754577_2024-12-04_09-18-03,s3://aind-private-data-prod-o5171v/behavior_754577_2024-12-04_09-18-03,579b67cd-c121-45b5-a7f0-5650b89d08ae
behavior_754577_2024-12-05_09-41-02,s3://aind-private-data-prod-o5171v/behavior_754577_2024-12-05_09-41-02,6fcbe248-6a62-42c9-9e02-89de8ea1e0b0
behavior_754577_2024-12-06_09-50-45,s3://aind-private-data-prod-o5171v/behavior_754577_2024-12-06_09-50-45,494da103-8aee-453d-9932-9b615fd279dc
behavior_754577_2024-12-07_10-50-40,s3://aind-private-data-prod-o5171v/behavior_754577_2024-12-07_10-50-40,8a9e135f-ec3e-419b-89d6-0f7269c23698
behavior_754579_2024-08-26_14-43-39,s3://aind-private-data-prod-o5171v/behavior_754579_2024-08-26_14-43-39,e5b0e65a-7920-44ab-b564-c51d9be22425
behavior_754579_2024-08-27_12-01-40,s3://aind-private-data-prod-o5171v/behavior_754579_2024-08-27_12-01-40,5f5c94c6-3801-436b-8483-ab0603d6c887
behavior_754579_2024-08-28_13-24-27,s3://aind-private-data-prod-o5171v/behavior_754579_2024-08-28_13-24-27,7a39de13-72db-4518-a9f5-ec3d974aada9
behavior_754579_2024-08-29_12-02-43,s3://aind-private-data-prod-o5171v/behavior_754579_2024-08-29_12-02-43,649dfb8a-a1c2-4a9b-9c45-a90940d54412
behavior_754579_2024-08-30_12-22-55,s3://aind-private-data-prod-o5171v/behavior_754579_2024-08-30_12-22-55,5e4967fd-e5f3-4d40-8fed-78fd7540e625
behavior_754579_2024-09-03_13-12-14,s3://aind-private-data-prod-o5171v/behavior_754579_2024-09-03_13-12-14,0f868f70-cb70-4da3-b361-5082bb1959e2
behavior_754579_2024-09-04_13-55-19,s3://aind-private-data-prod-o5171v/behavior_754579_2024-09-04_13-55-19,7d5f115c-b214-4c43-98e6-5b62b299d7d7
behavior_754579_2024-09-05_13-11-37,s3://aind-private-data-prod-o5171v/behavior_754579_2024-09-05_13-11-37,a3e63793-5347-4084-b15e-e544323b95eb
behavior_754579_2024-09-06_12-18-24,s3://aind-private-data-prod-o5171v/behavior_754579_2024-09-06_12-18-24,6354d7b7-60e7-4b49-b1f9-93ff8859f5dc
behavior_754579_2024-09-11_15-00-39,s3://aind-private-data-prod-o5171v/behavior_754579_2024-09-11_15-00-39,c074ec05-457c-4022-85b6-c38ab037abeb
behavior_754579_2024-09-12_14-00-01,s3://aind-private-data-prod-o5171v/behavior_754579_2024-09-12_14-00-01,b3907bc1-0245-4231-9a1e-5869585e5295
behavior_754579_2024-09-13_14-05-34,s3://aind-private-data-prod-o5171v/behavior_754579_2024-09-13_14-05-34,9b78262e-eecf-4e40-a636-cb108ff6e7e5
behavior_754579_2024-09-16_12-39-11,s3://aind-private-data-prod-o5171v/behavior_754579_2024-09-16_12-39-11,b709f9ae-0eb1-4c9b-ba98-0cdb7586bfa0
behavior_754579_2024-09-17_12-11-59,s3://aind-private-data-prod-o5171v/behavior_754579_2024-09-17_12-11-59,c540733a-4441-4650-822d-35956e94cd0f
behavior_754579_2024-09-18_13-06-12,s3://aind-private-data-prod-o5171v/behavior_754579_2024-09-18_13-06-12,7a3ef477-7510-45ea-92a5-8acf4e2d7db3
behavior_754579_2024-09-19_13-05-04,s3://aind-private-data-prod-o5171v/behavior_754579_2024-09-19_13-05-04,cce6d899-e24d-41f0-9929-2f907cc5a183
behavior_754579_2024-09-20_13-34-48,s3://aind-private-data-prod-o5171v/behavior_754579_2024-09-20_13-34-48,79929b17-f766-492d-8221-fa60ea7e311e
behavior_754579_2024-09-23_12-55-01,s3://aind-private-data-prod-o5171v/behavior_754579_2024-09-23_12-55-01,16997e86-30e2-474f-8148-056695b25c7b
behavior_754579_2024-09-24_13-39-03,s3://aind-private-data-prod-o5171v/behavior_754579_2024-09-24_13-39-03,b16ddcd6-8fe3-4a6c-98c4-c6a64937eb35
behavior_754579_2024-09-25_12-54-06,s3://aind-private-data-prod-o5171v/behavior_754579_2024-09-25_12-54-06,0e94be0e-311d-45bc-bd8a-b03023b3a8c0
behavior_754579_2024-09-26_13-04-41,s3://aind-private-data-prod-o5171v/behavior_754579_2024-09-26_13-04-41,c675529b-8dbb-4af9-916e-4ebf80bde2a7
behavior_754579_2024-09-27_12-21-40,s3://aind-private-data-prod-o5171v/behavior_754579_2024-09-27_12-21-40,67bce130-00ed-4719-b57f-1bc52b00bcdc
behavior_754579_2024-09-30_12-31-44,s3://aind-private-data-prod-o5171v/behavior_754579_2024-09-30_12-31-44,1b3ff629-8978-48d1-9d0d-c7d44859155e
behavior_754579_2024-10-01_13-10-46,s3://aind-private-data-prod-o5171v/behavior_754579_2024-10-01_13-10-46,8a7532e8-6c2b-47c4-8cc0-2090b906f729
behavior_754579_2024-10-02_13-05-30,s3://aind-private-data-prod-o5171v/behavior_754579_2024-10-02_13-05-30,999f7f83-e257-4063-8a5d-f77b911f3a01
behavior_754579_2024-10-03_13-06-38,s3://aind-private-data-prod-o5171v/behavior_754579_2024-10-03_13-06-38,a4b0c290-d1fb-4580-99a9-19a66a0fd9ea
behavior_754579_2024-10-04_12-53-02,s3://aind-private-data-prod-o5171v/behavior_754579_2024-10-04_12-53-02,eaf85e98-75d0-4dc4-adf7-6e8155126384
behavior_754579_2024-10-07_13-04-40,s3://aind-private-data-prod-o5171v/behavior_754579_2024-10-07_13-04-40,49d1a035-1eb3-4979-8013-f3cea32aaaa9
behavior_754579_2024-10-08_13-00-35,s3://aind-private-data-prod-o5171v/behavior_754579_2024-10-08_13-00-35,eb4a521c-3aee-43ee-aa1e-11ad68be2240
behavior_754579_2024-10-09_13-14-15,s3://aind-private-data-prod-o5171v/behavior_754579_2024-10-09_13-14-15,c3a89b79-cc73-4fe8-967f-e7feb833b990
behavior_754579_2024-10-10_13-09-01,s3://aind-private-data-prod-o5171v/behavior_754579_2024-10-10_13-09-01,4b38ef83-a626-4fa6-bf4b-cf27c0794e1d
behavior_754579_2024-10-11_13-14-32,s3://aind-private-data-prod-o5171v/behavior_754579_2024-10-11_13-14-32,e5df02fa-1af6-4312-b6b2-7ceb8092f794
behavior_754579_2024-10-14_13-25-40,s3://aind-private-data-prod-o5171v/behavior_754579_2024-10-14_13-25-40,bb9c508d-1dc9-4540-b51d-39eb39c6c436
behavior_754579_2024-10-15_13-12-01,s3://aind-private-data-prod-o5171v/behavior_754579_2024-10-15_13-12-01,d5738f21-e9b3-44ba-8ceb-a361f599a40f
behavior_754579_2024-10-16_13-53-22,s3://aind-private-data-prod-o5171v/behavior_754579_2024-10-16_13-53-22,294580ff-48f4-493d-abc6-700d58dd9d44
behavior_754579_2024-10-17_13-13-22,s3://aind-private-data-prod-o5171v/behavior_754579_2024-10-17_13-13-22,cb5901c0-ac4f-4858-a1e6-919a3c912005
behavior_754579_2024-10-18_13-22-37,s3://aind-private-data-prod-o5171v/behavior_754579_2024-10-18_13-22-37,5d478f8e-4589-4fdb-83f4-294d659755ca
behavior_754579_2024-10-20_13-38-05,s3://aind-private-data-prod-o5171v/behavior_754579_2024-10-20_13-38-05,de5b4c1b-adb5-4282-8c7c-c79174dd9432
behavior_754579_2024-10-21_13-01-11,s3://aind-private-data-prod-o5171v/behavior_754579_2024-10-21_13-01-11,3a8ef52d-a4d3-43e3-965e-03589dd543eb
behavior_754579_2024-10-22_13-06-01,s3://aind-private-data-prod-o5171v/behavior_754579_2024-10-22_13-06-01,b13c3ef4-339d-481f-bdb2-69d72fb3faae
behavior_754579_2024-10-23_13-14-13,s3://aind-private-data-prod-o5171v/behavior_754579_2024-10-23_13-14-13,9d474ef8-60b2-4899-9f6b-dd3979fdc851
behavior_754579_2024-10-24_12-56-24,s3://aind-private-data-prod-o5171v/behavior_754579_2024-10-24_12-56-24,5a96428c-22ce-465e-8512-35ff4fc7f4a3
behavior_754579_2024-10-25_13-22-56,s3://aind-private-data-prod-o5171v/behavior_754579_2024-10-25_13-22-56,fb9d3a3b-26a0-4459-b009-152332741968
behavior_754579_2024-10-26_12-39-26,s3://aind-private-data-prod-o5171v/behavior_754579_2024-10-26_12-39-26,3d252854-6dd2-4d2f-bdb4-8a66ee8980cd
behavior_754579_2024-10-27_13-09-21,s3://aind-private-data-prod-o5171v/behavior_754579_2024-10-27_13-09-21,de7a2487-9826-45f4-94b3-b877d8229fb4
behavior_754579_2024-10-28_13-21-17,s3://aind-private-data-prod-o5171v/behavior_754579_2024-10-28_13-21-17,cb307ad0-7a9a-4ef1-93cc-7bfa9a1d96c6
behavior_754579_2024-10-29_13-00-51,s3://aind-private-data-prod-o5171v/behavior_754579_2024-10-29_13-00-51,5769156d-9929-4008-a6fe-969c19a63865
behavior_754579_2024-10-30_13-21-45,s3://aind-private-data-prod-o5171v/behavior_754579_2024-10-30_13-21-45,d4efa51e-231e-4cc4-8325-c8cb982a6146
behavior_754579_2024-11-05_13-11-52,s3://aind-private-data-prod-o5171v/behavior_754579_2024-11-05_13-11-52,e8a39de4-d418-441e-a023-3b6330154839
behavior_754579_2024-11-06_13-48-28,s3://aind-private-data-prod-o5171v/behavior_754579_2024-11-06_13-48-28,61144d54-2dcc-4837-89ac-adc26e4d3c21
behavior_754579_2024-11-07_13-03-40,s3://aind-private-data-prod-o5171v/behavior_754579_2024-11-07_13-03-40,f0650dd2-04e4-4a51-9c68-3c57b01be4e0
behavior_754579_2024-11-08_13-29-55,s3://aind-private-data-prod-o5171v/behavior_754579_2024-11-08_13-29-55,24623b12-472c-49ca-951e-75a190749319
behavior_754579_2024-11-11_13-12-22,s3://aind-private-data-prod-o5171v/behavior_754579_2024-11-11_13-12-22,6a950601-5c12-4f27-8d02-462148a23428
behavior_754579_2024-11-12_13-13-37,s3://aind-private-data-prod-o5171v/behavior_754579_2024-11-12_13-13-37,ba6e5eb3-440c-444d-8fe3-8087722ebe0c
behavior_754579_2024-11-13_13-40-40,s3://aind-private-data-prod-o5171v/behavior_754579_2024-11-13_13-40-40,88ded25f-15d1-4b96-88c7-a79a5a2e8a4e
behavior_754579_2024-11-14_13-11-51,s3://aind-private-data-prod-o5171v/behavior_754579_2024-11-14_13-11-51,8e315c94-7995-4b59-b404-eada64d6c5f9
behavior_754579_2024-11-15_13-29-31,s3://aind-private-data-prod-o5171v/behavior_754579_2024-11-15_13-29-31,d5474748-3ab8-475a-b9fa-e25766b37f2d
behavior_754579_2024-11-18_12-59-46,s3://aind-private-data-prod-o5171v/behavior_754579_2024-11-18_12-59-46,2bb82bc7-73d5-44d5-a225-3bf84922e86e
behavior_754579_2024-11-19_13-17-17,s3://aind-private-data-prod-o5171v/behavior_754579_2024-11-19_13-17-17,e6fc2628-afc7-4ea5-bda9-1640a86adb56
behavior_754579_2024-11-21_13-01-59,s3://aind-private-data-prod-o5171v/behavior_754579_2024-11-21_13-01-59,ef20eed9-aec5-4f75-9091-681f4e65cfee
behavior_754579_2024-11-22_13-07-38,s3://aind-private-data-prod-o5171v/behavior_754579_2024-11-22_13-07-38,e60f8cbc-d993-4200-8d2f-05bd5c0c8bf5
behavior_754579_2024-11-23_13-11-19,s3://aind-private-data-prod-o5171v/behavior_754579_2024-11-23_13-11-19,d5e718c7-6179-44af-9da2-2ec68f0d60a3
behavior_754579_2024-11-25_13-13-57,s3://aind-private-data-prod-o5171v/behavior_754579_2024-11-25_13-13-57,853add1e-5ccb-42b3-a796-7f5f4aa6fc3e
behavior_754579_2024-11-26_13-13-08,s3://aind-private-data-prod-o5171v/behavior_754579_2024-11-26_13-13-08,c6dbe051-4112-4cb5-b253-cd0508acc3a4
behavior_754579_2024-11-27_13-38-45,s3://aind-private-data-prod-o5171v/behavior_754579_2024-11-27_13-38-45,235e715f-bc95-4956-8d0a-aa4c7316a434
behavior_754579_2024-11-29_13-13-23,s3://aind-private-data-prod-o5171v/behavior_754579_2024-11-29_13-13-23,cc978069-7262-46cd-9cf9-5c870bc127c8
behavior_754579_2024-11-30_13-13-19,s3://aind-private-data-prod-o5171v/behavior_754579_2024-11-30_13-13-19,ad3f4663-3485-4465-abd2-ebef369dc14c
behavior_754579_2024-12-02_13-10-36,s3://aind-private-data-prod-o5171v/behavior_754579_2024-12-02_13-10-36,7c414553-a5e5-4e62-9c04-f0b970213b1b
behavior_754579_2024-12-03_13-03-32,s3://aind-private-data-prod-o5171v/behavior_754579_2024-12-03_13-03-32,046b5299-a460-4dad-94df-0e7c1688ed2a
behavior_754579_2024-12-04_13-32-50,s3://aind-private-data-prod-o5171v/behavior_754579_2024-12-04_13-32-50,96ba3ab2-60ab-4bd3-b392-3ce1e53fb86c
behavior_754579_2024-12-05_13-11-15,s3://aind-private-data-prod-o5171v/behavior_754579_2024-12-05_13-11-15,ea41d911-8059-45f0-859e-aa19abfbdb66
behavior_754579_2024-12-06_13-20-10,s3://aind-private-data-prod-o5171v/behavior_754579_2024-12-06_13-20-10,951bf6e8-433e-4952-a358-77253b672b75
behavior_754579_2024-12-07_14-02-14,s3://aind-private-data-prod-o5171v/behavior_754579_2024-12-07_14-02-14,5276d366-c34a-49ea-9743-4067e642a78e
behavior_754579_2024-12-09_11-30-13,s3://aind-private-data-prod-o5171v/behavior_754579_2024-12-09_11-30-13,956c6322-62f0-47a9-9ceb-55a40e4c6fda
behavior_754579_2024-12-10_11-20-59,s3://aind-private-data-prod-o5171v/behavior_754579_2024-12-10_11-20-59,c3638e3a-d9c2-47bf-af8d-eaa49454035c
behavior_754579_2024-12-11_11-42-11,s3://aind-private-data-prod-o5171v/behavior_754579_2024-12-11_11-42-11,99510973-6fff-4f9d-8b88-76dd2d407521
behavior_754579_2024-12-12_10-56-43,s3://aind-private-data-prod-o5171v/behavior_754579_2024-12-12_10-56-43,8d79aeaa-9c4c-441f-9d99-93316fa2dd2b
behavior_754579_2024-12-13_11-52-37,s3://aind-private-data-prod-o5171v/behavior_754579_2024-12-13_11-52-37,0beb0b24-79fd-4545-a071-95786a2ac00c
behavior_754579_2024-12-16_11-26-16,s3://aind-private-data-prod-o5171v/behavior_754579_2024-12-16_11-26-16,a1107df6-24f7-428a-b468-6d1802ec3c7f
behavior_754579_2024-12-17_11-00-11,s3://aind-private-data-prod-o5171v/behavior_754579_2024-12-17_11-00-11,297babd6-a253-4ab7-818a-9a7f495a7edf
behavior_754579_2024-12-18_10-42-59,s3://aind-private-data-prod-o5171v/behavior_754579_2024-12-18_10-42-59,b957b617-d0ed-4f4a-a5b8-abcd0c56bbda
behavior_754580_2024-08-26_09-24-54,s3://aind-private-data-prod-o5171v/behavior_754580_2024-08-26_09-24-54,a72385a2-c0b2-4dfa-ab08-b283b2d9a3cf
behavior_754580_2024-08-27_09-28-10,s3://aind-private-data-prod-o5171v/behavior_754580_2024-08-27_09-28-10,4bef6a58-9e3f-4f16-8a99-b84a6e5e60b3
behavior_754580_2024-08-28_09-07-29,s3://aind-private-data-prod-o5171v/behavior_754580_2024-08-28_09-07-29,b9e4de2a-d72f-490e-9ac5-dca08a8f31d3
behavior_754580_2024-08-29_09-37-34,s3://aind-private-data-prod-o5171v/behavior_754580_2024-08-29_09-37-34,30036fca-9353-4c0b-8f10-6cd59f9f172a
behavior_754580_2024-08-30_09-42-29,s3://aind-private-data-prod-o5171v/behavior_754580_2024-08-30_09-42-29,870c3f31-a50a-44bb-8288-3fc1a65b9054
behavior_754580_2024-09-03_10-08-18,s3://aind-private-data-prod-o5171v/behavior_754580_2024-09-03_10-08-18,1ffb6758-d48d-49ee-8be1-1ed890abb8cd
behavior_754580_2024-09-04_10-07-22,s3://aind-private-data-prod-o5171v/behavior_754580_2024-09-04_10-07-22,32031d54-7a74-45d4-9556-1fb3d681f643
behavior_754580_2024-09-05_10-44-22,s3://aind-private-data-prod-o5171v/behavior_754580_2024-09-05_10-44-22,eaae71ca-f849-44ce-ae3c-8d68c6c202b9
behavior_754580_2024-09-06_09-08-31,s3://aind-private-data-prod-o5171v/behavior_754580_2024-09-06_09-08-31,f2fe53b4-7bfd-41c5-84f2-6601dd350152
behavior_754580_2024-09-11_11-10-04,s3://aind-private-data-prod-o5171v/behavior_754580_2024-09-11_11-10-04,9b6cea3f-df5f-420f-afee-8a5c2ea0df04
behavior_754580_2024-09-12_09-27-34,s3://aind-private-data-prod-o5171v/behavior_754580_2024-09-12_09-27-34,a8c38481-e6b6-4244-a4a5-09f56c577b52
behavior_754580_2024-09-13_09-16-04,s3://aind-private-data-prod-o5171v/behavior_754580_2024-09-13_09-16-04,730a59d9-a854-42bb-8964-3892063d0833
behavior_754580_2024-09-16_09-07-55,s3://aind-private-data-prod-o5171v/behavior_754580_2024-09-16_09-07-55,ab5b4457-6835-493c-bbab-8f06f7101ab5
behavior_754580_2024-09-17_09-10-46,s3://aind-private-data-prod-o5171v/behavior_754580_2024-09-17_09-10-46,16ab9207-c576-40a0-b709-78269046449e
behavior_754580_2024-09-18_09-06-38,s3://aind-private-data-prod-o5171v/behavior_754580_2024-09-18_09-06-38,06e4f5c8-461b-4706-9c1a-df5514da5711
behavior_754580_2024-09-19_09-02-04,s3://aind-private-data-prod-o5171v/behavior_754580_2024-09-19_09-02-04,4866b73a-0d40-4638-808e-61cfe6903241
behavior_754580_2024-09-20_09-02-24,s3://aind-private-data-prod-o5171v/behavior_754580_2024-09-20_09-02-24,8b18172b-81fe-487d-a82f-b65124f7e6c1
behavior_754580_2024-09-24_09-50-28,s3://aind-private-data-prod-o5171v/behavior_754580_2024-09-24_09-50-28,3dbf0d2f-3319-4dc8-863e-5ab8ef36033f
behavior_754580_2024-09-25_09-25-39,s3://aind-private-data-prod-o5171v/behavior_754580_2024-09-25_09-25-39,27a160c3-2144-4b26-bbfc-0625fd7694ba
behavior_754580_2024-09-26_09-32-32,s3://aind-private-data-prod-o5171v/behavior_754580_2024-09-26_09-32-32,7282e0b0-403b-44fa-9f16-c061a9e08f63
behavior_754580_2024-09-27_09-08-47,s3://aind-private-data-prod-o5171v/behavior_754580_2024-09-27_09-08-47,129b504d-d810-4dc8-91a0-0d016b723122
behavior_754580_2024-09-30_09-24-08,s3://aind-private-data-prod-o5171v/behavior_754580_2024-09-30_09-24-08,601d92c0-5473-4c7d-bb1f-89a2edb5ed2f
behavior_754580_2024-10-01_09-00-12,s3://aind-private-data-prod-o5171v/behavior_754580_2024-10-01_09-00-12,5c6071b1-9a0b-4549-9a1c-302d64c3f895
behavior_754580_2024-10-02_08-53-22,s3://aind-private-data-prod-o5171v/behavior_754580_2024-10-02_08-53-22,93a9e277-4681-4e20-8b03-ab52747e1652
behavior_754580_2024-10-03_09-29-35,s3://aind-private-data-prod-o5171v/behavior_754580_2024-10-03_09-29-35,b6634e42-4ef9-4ba5-b1c9-6c5cb65b3cac
behavior_754580_2024-10-04_09-00-32,s3://aind-private-data-prod-o5171v/behavior_754580_2024-10-04_09-00-32,39066790-af89-4757-815b-9b9a952cd21f
behavior_754580_2024-10-07_09-24-54,s3://aind-private-data-prod-o5171v/behavior_754580_2024-10-07_09-24-54,0a76a891-159e-4767-8832-6fc45be8e8eb
behavior_754580_2024-10-08_09-11-51,s3://aind-private-data-prod-o5171v/behavior_754580_2024-10-08_09-11-51,73c187a6-b227-4c53-8709-28ca0d1594f2
behavior_754580_2024-10-09_09-08-17,s3://aind-private-data-prod-o5171v/behavior_754580_2024-10-09_09-08-17,5cc02b2f-b93b-4b3d-90e8-14c8e96f4b36
behavior_754580_2024-10-10_09-17-20,s3://aind-private-data-prod-o5171v/behavior_754580_2024-10-10_09-17-20,6c48634f-a0f5-46dd-8ebb-b23b0bed60ab
behavior_754580_2024-10-11_08-54-18,s3://aind-private-data-prod-o5171v/behavior_754580_2024-10-11_08-54-18,18f3d718-f221-42c0-969a-a0338fe1a8ed
behavior_754580_2024-10-14_09-28-24,s3://aind-private-data-prod-o5171v/behavior_754580_2024-10-14_09-28-24,abec47f5-c181-4f72-8088-abe8d652a479
behavior_754580_2024-10-15_09-20-17,s3://aind-private-data-prod-o5171v/behavior_754580_2024-10-15_09-20-17,54d66cb1-3901-4e1b-8c93-f9aa5c73e252
behavior_754580_2024-10-16_09-28-02,s3://aind-private-data-prod-o5171v/behavior_754580_2024-10-16_09-28-02,3362b320-f981-48c1-8c8f-222b5614bb46
behavior_754580_2024-10-17_08-59-39,s3://aind-private-data-prod-o5171v/behavior_754580_2024-10-17_08-59-39,d3fa2a7c-e768-4bd3-9de2-071e3ccb8bc8
behavior_754580_2024-10-18_09-08-29,s3://aind-private-data-prod-o5171v/behavior_754580_2024-10-18_09-08-29,74994b0c-e73f-4804-8b41-63ce9feff919
behavior_754580_2024-10-20_10-40-14,s3://aind-private-data-prod-o5171v/behavior_754580_2024-10-20_10-40-14,c9c320f7-63e5-4fa9-95fd-417f2bdfda93
behavior_754580_2024-10-21_09-15-49,s3://aind-private-data-prod-o5171v/behavior_754580_2024-10-21_09-15-49,d50f93bc-888e-48ed-95b9-89586beb6c1c
behavior_754580_2024-10-22_09-20-42,s3://aind-private-data-prod-o5171v/behavior_754580_2024-10-22_09-20-42,52cbb9aa-86ff-453e-9bc0-b0a31af43e1c
behavior_754580_2024-10-23_09-12-11,s3://aind-private-data-prod-o5171v/behavior_754580_2024-10-23_09-12-11,18c24e7c-660a-4360-abc4-cfbb413d0a18
behavior_754580_2024-10-24_09-06-12,s3://aind-private-data-prod-o5171v/behavior_754580_2024-10-24_09-06-12,0a1f8e8a-a3c6-4707-88f0-376bb306efa2
behavior_754580_2024-10-25_09-05-17,s3://aind-private-data-prod-o5171v/behavior_754580_2024-10-25_09-05-17,1c6b1c36-e8e0-4822-812f-764edaf193ea
behavior_754580_2024-10-26_09-54-50,s3://aind-private-data-prod-o5171v/behavior_754580_2024-10-26_09-54-50,98c6d5a0-57c4-4245-9fb8-4c73107bf8d2
behavior_754580_2024-10-27_10-23-09,s3://aind-private-data-prod-o5171v/behavior_754580_2024-10-27_10-23-09,0dc899eb-ec41-4f7c-8e4f-197aad32a6c3
behavior_754580_2024-10-28_09-03-14,s3://aind-private-data-prod-o5171v/behavior_754580_2024-10-28_09-03-14,2fa3ab59-b684-46eb-b97a-84ecfb5f1c9b
behavior_754580_2024-10-29_09-07-31,s3://aind-private-data-prod-o5171v/behavior_754580_2024-10-29_09-07-31,d2ff0608-ae2a-4599-adf9-3468972e43e8
behavior_754580_2024-10-30_09-35-09,s3://aind-private-data-prod-o5171v/behavior_754580_2024-10-30_09-35-09,438363c5-3628-4b20-ab00-9ff3af40d10c
behavior_754580_2024-11-05_09-51-09,s3://aind-private-data-prod-o5171v/behavior_754580_2024-11-05_09-51-09,32e2c9ca-ef2a-4773-a22f-ded1dc73a14c
behavior_754580_2024-11-06_09-46-35,s3://aind-private-data-prod-o5171v/behavior_754580_2024-11-06_09-46-35,eaee1184-9d7e-44e3-a8c6-66e1757235ea
behavior_754580_2024-11-07_09-27-40,s3://aind-private-data-prod-o5171v/behavior_754580_2024-11-07_09-27-40,81fb27c4-4e62-43a6-a1ee-45fb852228b4
behavior_754580_2024-11-08_09-13-16,s3://aind-private-data-prod-o5171v/behavior_754580_2024-11-08_09-13-16,95df08ee-94f4-4ef7-91d6-1446374bb4e2
behavior_754580_2024-11-11_09-18-09,s3://aind-private-data-prod-o5171v/behavior_754580_2024-11-11_09-18-09,96b1d369-9fb2-488c-963b-7a4da7d74ce4
behavior_754580_2024-11-12_17-36-33,s3://aind-open-data/behavior_754580_2024-11-12_17-36-33,bd08f446-ac1d-4cbe-8f2a-6ab907c55ff7
behavior_754580_2024-11-13_09-17-48,s3://aind-private-data-prod-o5171v/behavior_754580_2024-11-13_09-17-48,be7d6a88-9086-4d21-8729-cb0e7af92353
behavior_754580_2024-11-14_09-33-28,s3://aind-private-data-prod-o5171v/behavior_754580_2024-11-14_09-33-28,67ac53de-515e-471d-ab6c-a6e827ee4c39
behavior_754580_2024-11-15_09-05-19,s3://aind-private-data-prod-o5171v/behavior_754580_2024-11-15_09-05-19,79beb640-38ea-44db-82a1-a24542dbf65b
behavior_754580_2024-11-18_09-23-54,s3://aind-private-data-prod-o5171v/behavior_754580_2024-11-18_09-23-54,60323747-dc83-473e-a394-18ae70584dd3
behavior_754580_2024-11-19_09-26-56,s3://aind-private-data-prod-o5171v/behavior_754580_2024-11-19_09-26-56,73d148d3-756f-43e1-a42c-43754491b268
behavior_754580_2024-11-20_09-18-22,s3://aind-private-data-prod-o5171v/behavior_754580_2024-11-20_09-18-22,3d233427-0791-4289-aa85-828a8fc2b4eb
behavior_754580_2024-11-21_09-28-18,s3://aind-private-data-prod-o5171v/behavior_754580_2024-11-21_09-28-18,986bc499-8bdb-4845-abcc-9c451b05cb5d
behavior_754580_2024-11-22_09-39-53,s3://aind-private-data-prod-o5171v/behavior_754580_2024-11-22_09-39-53,439332fa-9a4f-438e-947e-6ddcc9d154e2
behavior_754580_2024-11-23_10-38-41,s3://aind-private-data-prod-o5171v/behavior_754580_2024-11-23_10-38-41,443ac64c-3c8d-48a0-9446-49b3285237cd
behavior_754580_2024-11-25_09-37-30,s3://aind-private-data-prod-o5171v/behavior_754580_2024-11-25_09-37-30,8559a599-898a-4350-8d13-b6fbbde7b3d0
behavior_754580_2024-11-26_10-07-15,s3://aind-private-data-prod-o5171v/behavior_754580_2024-11-26_10-07-15,66731551-385c-412a-acca-ebdc9ac1663c
behavior_754580_2024-11-27_10-00-49,s3://aind-private-data-prod-o5171v/behavior_754580_2024-11-27_10-00-49,81d34cfb-6539-43be-9f65-5b77a2a13def
behavior_754580_2024-11-29_10-23-27,s3://aind-private-data-prod-o5171v/behavior_754580_2024-11-29_10-23-27,cf211192-b403-40b6-8226-1ac4917a5437
behavior_754580_2024-11-30_10-40-28,s3://aind-private-data-prod-o5171v/behavior_754580_2024-11-30_10-40-28,36591668-2a37-4d0f-8f32-a4e6db4282fe
behavior_754580_2024-12-02_10-11-34,s3://aind-private-data-prod-o5171v/behavior_754580_2024-12-02_10-11-34,6317ba39-a8e8-438e-b12c-768388ed9f90
behavior_754580_2024-12-03_09-47-06,s3://aind-private-data-prod-o5171v/behavior_754580_2024-12-03_09-47-06,7d1ae10b-fe60-4f07-8471-ff8b958a9456
behavior_754580_2024-12-04_09-18-17,s3://aind-private-data-prod-o5171v/behavior_754580_2024-12-04_09-18-17,766b3622-5d43-438c-9a88-bcf39291e26a
behavior_754580_2024-12-05_09-40-51,s3://aind-private-data-prod-o5171v/behavior_754580_2024-12-05_09-40-51,9368d079-ad49-4557-b223-3858fbd8eff0
behavior_754580_2024-12-06_09-49-31,s3://aind-private-data-prod-o5171v/behavior_754580_2024-12-06_09-49-31,4045854e-7599-4bf7-9fe0-20174a7facdc
behavior_754580_2024-12-07_10-50-32,s3://aind-private-data-prod-o5171v/behavior_754580_2024-12-07_10-50-32,ab7e8520-04a1-41f5-8acb-03de62102b21
behavior_754580_2024-12-09_09-20-34,s3://aind-private-data-prod-o5171v/behavior_754580_2024-12-09_09-20-34,644c1c05-6377-4400-89d1-a349d72fe811
behavior_754580_2024-12-10_09-11-00,s3://aind-private-data-prod-o5171v/behavior_754580_2024-12-10_09-11-00,308cf927-47b2-471a-a465-306e5a71f34c
behavior_754580_2024-12-11_09-46-49,s3://aind-private-data-prod-o5171v/behavior_754580_2024-12-11_09-46-49,2693f789-ca92-4043-8944-377dc3d18c32
behavior_754580_2024-12-12_09-20-02,s3://aind-private-data-prod-o5171v/behavior_754580_2024-12-12_09-20-02,d9c9b383-7b6b-4322-b9c0-7529b9b076f8
behavior_754580_2024-12-13_09-42-25,s3://aind-private-data-prod-o5171v/behavior_754580_2024-12-13_09-42-25,0b96f562-1d28-4522-8e81-4f208699bc94
behavior_754580_2024-12-16_09-42-20,s3://aind-private-data-prod-o5171v/behavior_754580_2024-12-16_09-42-20,80360b0b-45cb-4b57-8973-773041d01e58
behavior_754580_2024-12-17_09-40-05,s3://aind-private-data-prod-o5171v/behavior_754580_2024-12-17_09-40-05,38ae6506-56b2-4727-8d3d-57885d1d8a80
behavior_754580_2024-12-18_09-28-16,s3://aind-private-data-prod-o5171v/behavior_754580_2024-12-18_09-28-16,64cf384c-0316-4072-8715-151f23de49d7
behavior_754582_2024-08-26_11-29-07,s3://aind-private-data-prod-o5171v/behavior_754582_2024-08-26_11-29-07,7e982be8-9aae-48b2-a432-0754968559cf
behavior_754582_2024-08-27_10-58-30,s3://aind-private-data-prod-o5171v/behavior_754582_2024-08-27_10-58-30,43c46efd-a024-43ef-9454-3caad1187aea
behavior_754582_2024-08-28_11-38-00,s3://aind-private-data-prod-o5171v/behavior_754582_2024-08-28_11-38-00,560677fb-d32e-42cb-9c9a-92fd8d86df97
behavior_754582_2024-08-29_11-06-45,s3://aind-private-data-prod-o5171v/behavior_754582_2024-08-29_11-06-45,5e9cce21-0bb2-4677-b1e3-c22fa32ea87a
behavior_754582_2024-08-30_10-59-32,s3://aind-private-data-prod-o5171v/behavior_754582_2024-08-30_10-59-32,a20581ed-bf84-43bd-a4ff-c95f0495e03c
behavior_754582_2024-09-03_11-43-26,s3://aind-private-data-prod-o5171v/behavior_754582_2024-09-03_11-43-26,e79e21b3-ce4d-4e48-992e-35478ebebdba
behavior_754582_2024-09-04_11-28-24,s3://aind-private-data-prod-o5171v/behavior_754582_2024-09-04_11-28-24,08ba7acc-a88f-496b-abeb-6c738024e250
behavior_754582_2024-09-05_11-52-30,s3://aind-private-data-prod-o5171v/behavior_754582_2024-09-05_11-52-30,2e597ecd-ada4-4644-99aa-cebd1eef4b60
behavior_754582_2024-09-06_11-09-58,s3://aind-private-data-prod-o5171v/behavior_754582_2024-09-06_11-09-58,53af9246-ffa9-4a85-9ff6-485f5a773ee4
behavior_754582_2024-09-11_13-29-29,s3://aind-private-data-prod-o5171v/behavior_754582_2024-09-11_13-29-29,b9c93b3a-751b-4c97-8348-23759fb691b3
behavior_754582_2024-09-12_11-33-18,s3://aind-private-data-prod-o5171v/behavior_754582_2024-09-12_11-33-18,5ecb40a0-372b-4cdf-abcf-3ce865f12fc1
behavior_754582_2024-09-13_11-23-50,s3://aind-private-data-prod-o5171v/behavior_754582_2024-09-13_11-23-50,113e4035-bd72-476c-bd7f-5743c42df579
behavior_754582_2024-09-17_11-15-51,s3://aind-private-data-prod-o5171v/behavior_754582_2024-09-17_11-15-51,c5b5f8fe-a540-499f-95ae-d0f67c293b2e
behavior_754582_2024-09-18_11-48-10,s3://aind-private-data-prod-o5171v/behavior_754582_2024-09-18_11-48-10,f28cd481-71ca-4bd1-bb11-414d27618494
behavior_754582_2024-09-19_11-01-42,s3://aind-private-data-prod-o5171v/behavior_754582_2024-09-19_11-01-42,ee14fde5-fe3a-433d-9265-67b7f1884c66
behavior_754582_2024-09-20_11-02-44,s3://aind-private-data-prod-o5171v/behavior_754582_2024-09-20_11-02-44,d714249d-9230-4771-8600-c7a4e5f3ff7e
behavior_754582_2024-09-23_10-50-29,s3://aind-private-data-prod-o5171v/behavior_754582_2024-09-23_10-50-29,ead0c26b-e8f9-4cb9-8814-8c31d01d66bb
behavior_754582_2024-09-24_11-06-47,s3://aind-private-data-prod-o5171v/behavior_754582_2024-09-24_11-06-47,493e67f0-93d5-49f5-94df-cf85cb24a1b6
behavior_754582_2024-09-25_11-11-33,s3://aind-private-data-prod-o5171v/behavior_754582_2024-09-25_11-11-33,e7244831-22b9-41de-a00a-1f3bcff93ace
behavior_754582_2024-09-26_10-52-48,s3://aind-private-data-prod-o5171v/behavior_754582_2024-09-26_10-52-48,bbd8132e-0202-4e8c-8c4b-0f9f73c1df35
behavior_754582_2024-09-27_10-50-35,s3://aind-private-data-prod-o5171v/behavior_754582_2024-09-27_10-50-35,aa630960-e174-49c2-9a28-cbd085eb06e0
behavior_754582_2024-09-30_10-59-23,s3://aind-private-data-prod-o5171v/behavior_754582_2024-09-30_10-59-23,7fd3af0a-7b00-4466-b2d2-a3add78b44bf
behavior_754582_2024-10-01_10-45-48,s3://aind-private-data-prod-o5171v/behavior_754582_2024-10-01_10-45-48,ca56f100-bac3-4f83-8bc3-fd40c31910c7
behavior_754582_2024-10-02_11-16-21,s3://aind-private-data-prod-o5171v/behavior_754582_2024-10-02_11-16-21,8c93ba1a-4cb9-4232-a941-521b770e2b58
behavior_754582_2024-10-03_11-23-58,s3://aind-private-data-prod-o5171v/behavior_754582_2024-10-03_11-23-58,c9beb885-8df7-4a52-8651-ac4a9ebf76c7
behavior_754582_2024-10-04_11-06-25,s3://aind-private-data-prod-o5171v/behavior_754582_2024-10-04_11-06-25,ec8d380e-750e-4287-9e04-6a64001d176b
behavior_754582_2024-10-07_11-34-53,s3://aind-private-data-prod-o5171v/behavior_754582_2024-10-07_11-34-53,7373b54d-cba2-4838-86e6-2031e3bcb2ab
behavior_754582_2024-10-08_11-11-20,s3://aind-private-data-prod-o5171v/behavior_754582_2024-10-08_11-11-20,3c8de6c6-9567-46c5-9139-b71b4895bb74
behavior_754582_2024-10-09_11-19-06,s3://aind-private-data-prod-o5171v/behavior_754582_2024-10-09_11-19-06,7ae6d8f4-3a67-48de-b316-dab0637efaa8
behavior_754582_2024-10-10_11-06-25,s3://aind-private-data-prod-o5171v/behavior_754582_2024-10-10_11-06-25,240e6656-b59d-46f0-a4a9-376bd55a9960
behavior_754582_2024-10-11_11-25-43,s3://aind-private-data-prod-o5171v/behavior_754582_2024-10-11_11-25-43,799cd113-5212-4750-b131-10b5356e2e1c
behavior_754582_2024-10-14_11-10-37,s3://aind-private-data-prod-o5171v/behavior_754582_2024-10-14_11-10-37,f8546ca6-352e-4855-848a-a95e0ee87685
behavior_754582_2024-10-15_11-08-53,s3://aind-private-data-prod-o5171v/behavior_754582_2024-10-15_11-08-53,c21e167e-1318-42e3-a109-03d9da45a9ac
behavior_754582_2024-10-16_18-13-05,s3://aind-open-data/behavior_754582_2024-10-16_18-13-05,be77915f-d8c8-4758-8696-0a4a25174d1e
behavior_754582_2024-10-17_11-16-08,s3://aind-private-data-prod-o5171v/behavior_754582_2024-10-17_11-16-08,f41cf49c-6e78-4ab4-9800-0d17d604a0b3
behavior_754582_2024-10-18_11-16-55,s3://aind-private-data-prod-o5171v/behavior_754582_2024-10-18_11-16-55,700307a4-e3c3-4b06-bf4a-ae56d987e465
behavior_754582_2024-10-20_12-06-58,s3://aind-private-data-prod-o5171v/behavior_754582_2024-10-20_12-06-58,b242dc2f-6852-4939-bb0b-c76d5d0cb449
behavior_754582_2024-10-21_11-34-25,s3://aind-private-data-prod-o5171v/behavior_754582_2024-10-21_11-34-25,6249b3a6-63e9-40a6-993f-be8a55c59789
behavior_754582_2024-10-22_11-11-01,s3://aind-private-data-prod-o5171v/behavior_754582_2024-10-22_11-11-01,86ef81e5-d8bb-4f40-9dba-f49e337a2dac
behavior_754582_2024-10-23_11-00-28,s3://aind-private-data-prod-o5171v/behavior_754582_2024-10-23_11-00-28,89a51c13-0503-44b7-9f1a-29dd57f4c8c5
behavior_754582_2024-10-24_10-45-08,s3://aind-private-data-prod-o5171v/behavior_754582_2024-10-24_10-45-08,40a7026f-6696-4635-8a12-3c2b690e74be
behavior_754582_2024-10-25_10-39-48,s3://aind-private-data-prod-o5171v/behavior_754582_2024-10-25_10-39-48,f7f92267-0c3a-4dc9-b82f-e6775496f896
behavior_754582_2024-10-26_11-16-26,s3://aind-private-data-prod-o5171v/behavior_754582_2024-10-26_11-16-26,c69d0e1c-8fe9-4b50-ab30-5c5803157cd0
behavior_754582_2024-10-27_18-42-48,s3://aind-open-data/behavior_754582_2024-10-27_18-42-48,43c3e062-37b4-44b3-9b80-f0c269515fda
behavior_754582_2024-10-28_10-52-29,s3://aind-private-data-prod-o5171v/behavior_754582_2024-10-28_10-52-29,f7c33268-3262-44ab-9ade-060c2509cde3
behavior_754582_2024-10-29_11-02-18,s3://aind-private-data-prod-o5171v/behavior_754582_2024-10-29_11-02-18,01bdadba-5211-444a-83c8-c0ecc2d70865
behavior_754582_2024-10-30_10-50-24,s3://aind-private-data-prod-o5171v/behavior_754582_2024-10-30_10-50-24,00bc55ef-69f7-4f7e-9a0d-02a8fd1415c2
behavior_754582_2024-11-05_11-00-22,s3://aind-private-data-prod-o5171v/behavior_754582_2024-11-05_11-00-22,b9f18f1b-835f-42da-8f68-d37b5acdcbb0
behavior_754582_2024-11-06_11-14-40,s3://aind-private-data-prod-o5171v/behavior_754582_2024-11-06_11-14-40,333794b1-6fdf-4311-8f10-328affbdea5e
behavior_754582_2024-11-07_11-10-12,s3://aind-private-data-prod-o5171v/behavior_754582_2024-11-07_11-10-12,5c11a7b4-3ccf-4b6c-89f9-3703505156d7
behavior_754582_2024-11-08_10-37-57,s3://aind-private-data-prod-o5171v/behavior_754582_2024-11-08_10-37-57,78eed65d-ea68-407b-8e76-d7a38ff59642
behavior_754582_2024-11-11_10-46-52,s3://aind-private-data-prod-o5171v/behavior_754582_2024-11-11_10-46-52,301596ec-86ad-49ab-afd9-9e9318602d1d
behavior_754582_2024-11-12_11-42-19,s3://aind-private-data-prod-o5171v/behavior_754582_2024-11-12_11-42-19,4829b103-6de4-4afd-b6dd-962991526677
behavior_754582_2024-11-13_11-02-35,s3://aind-private-data-prod-o5171v/behavior_754582_2024-11-13_11-02-35,eb8fad7f-d8ba-4fb9-a06f-152a14eb99f9
behavior_754582_2024-11-14_19-16-30,s3://aind-open-data/behavior_754582_2024-11-14_19-16-30,412eeab9-29c3-4188-ad3f-d1ee26f54336
behavior_754582_2024-11-15_10-59-01,s3://aind-private-data-prod-o5171v/behavior_754582_2024-11-15_10-59-01,c2c066d5-07f2-46cb-b7de-e3f67a102111
behavior_754582_2024-11-18_11-07-29,s3://aind-private-data-prod-o5171v/behavior_754582_2024-11-18_11-07-29,ad4a6ab0-ef12-47db-823b-0950a006a3f5
behavior_754582_2024-11-19_10-50-42,s3://aind-private-data-prod-o5171v/behavior_754582_2024-11-19_10-50-42,e9c10135-eed8-429b-b683-21b6ba8c6c99
behavior_754582_2024-11-20_11-05-37,s3://aind-private-data-prod-o5171v/behavior_754582_2024-11-20_11-05-37,4049a59e-4ba1-4e79-aa6e-d43992eee868
behavior_754582_2024-11-21_10-54-33,s3://aind-private-data-prod-o5171v/behavior_754582_2024-11-21_10-54-33,e29fbf94-3801-45ec-8676-5f3570a01231
behavior_754582_2024-11-22_11-17-40,s3://aind-private-data-prod-o5171v/behavior_754582_2024-11-22_11-17-40,e92f9b12-0caa-435b-8981-cabaf42b5a63
behavior_754582_2024-11-23_11-54-22,s3://aind-private-data-prod-o5171v/behavior_754582_2024-11-23_11-54-22,335494e2-4114-4aed-85b9-dbf20da0d707
behavior_754582_2024-11-25_11-14-14,s3://aind-private-data-prod-o5171v/behavior_754582_2024-11-25_11-14-14,60e7215e-ed9a-4856-9a2d-c0d9c762b3af
behavior_754582_2024-11-26_11-50-31,s3://aind-private-data-prod-o5171v/behavior_754582_2024-11-26_11-50-31,8423c9ac-400b-479b-a839-72f7abf034a0
behavior_754582_2024-11-27_11-28-28,s3://aind-private-data-prod-o5171v/behavior_754582_2024-11-27_11-28-28,4857b453-a4fe-4093-87c9-5c5c913ab901
behavior_754582_2024-11-29_11-46-48,s3://aind-private-data-prod-o5171v/behavior_754582_2024-11-29_11-46-48,c418c2ac-42aa-403b-b11d-6ea46cb5c073
behavior_754582_2024-11-30_11-51-37,s3://aind-private-data-prod-o5171v/behavior_754582_2024-11-30_11-51-37,76d5a3c4-4434-425b-92ef-37de697a7c1c
behavior_754582_2024-12-02_11-46-43,s3://aind-private-data-prod-o5171v/behavior_754582_2024-12-02_11-46-43,126ae452-077b-4a38-9c3c-8451d5d8b485
behavior_754582_2024-12-03_11-14-03,s3://aind-private-data-prod-o5171v/behavior_754582_2024-12-03_11-14-03,20834ee6-a494-428b-91fd-365716bf660f
behavior_754582_2024-12-04_11-12-48,s3://aind-private-data-prod-o5171v/behavior_754582_2024-12-04_11-12-48,69d2a4fb-9722-4681-b564-1c1b11edf9bc
behavior_754582_2024-12-05_11-30-51,s3://aind-private-data-prod-o5171v/behavior_754582_2024-12-05_11-30-51,852a7344-299f-4d49-8966-0ed7c719a86d
behavior_754582_2024-12-06_11-23-49,s3://aind-private-data-prod-o5171v/behavior_754582_2024-12-06_11-23-49,4a55c2a1-9b04-49a4-a50b-843fa08368f4
behavior_754582_2024-12-07_12-30-51,s3://aind-private-data-prod-o5171v/behavior_754582_2024-12-07_12-30-51,d74b37d3-67ac-4835-9dda-a853f735ee08
behavior_754582_2024-12-09_11-35-26,s3://aind-private-data-prod-o5171v/behavior_754582_2024-12-09_11-35-26,fbfa5662-5683-419b-83dd-9fb7ebb93829
behavior_754582_2024-12-10_11-24-04,s3://aind-private-data-prod-o5171v/behavior_754582_2024-12-10_11-24-04,9c8d2693-aa28-4ec9-9b4d-32db70cac54f
behavior_754582_2024-12-11_11-41-54,s3://aind-private-data-prod-o5171v/behavior_754582_2024-12-11_11-41-54,c5612a16-07a8-4d20-951c-e09bc2144fcd
behavior_754582_2024-12-12_11-01-16,s3://aind-private-data-prod-o5171v/behavior_754582_2024-12-12_11-01-16,d12f15da-3dea-490b-b92c-58ed618d6355
behavior_754582_2024-12-13_11-26-52,s3://aind-private-data-prod-o5171v/behavior_754582_2024-12-13_11-26-52,f5c0436f-6f0c-4108-a594-641b55f414f8
behavior_754582_2024-12-16_11-31-36,s3://aind-private-data-prod-o5171v/behavior_754582_2024-12-16_11-31-36,fa5a4cc2-88a6-40b6-aca2-d6e38b6796b0
behavior_754582_2024-12-17_11-03-29,s3://aind-private-data-prod-o5171v/behavior_754582_2024-12-17_11-03-29,97635220-ce21-4dd4-8863-55c62a06cdfb
behavior_754582_2024-12-18_10-46-20,s3://aind-private-data-prod-o5171v/behavior_754582_2024-12-18_10-46-20,5854764b-5b8f-4676-bfab-0bb6152e5b84
